{"data":[{"ChildObjects":[{"ObjectIdentifier":"1E81A6C9-F2BA-4F08-BF77-6A64F08E72CA","ObjectType":"OU"},{"ObjectIdentifier":"247BAE48-06FD-43B2-9DE8-2488BA12D660","ObjectType":"Container"},{"ObjectIdentifier":"671EAC7A-9B86-4735-920A-D57AEE3C2EF4","ObjectType":"OU"},{"ObjectIdentifier":"F08547A1-0D50-433A-BBB9-3B8937A580F7","ObjectType":"Container"},{"ObjectIdentifier":"C03D0DA7-AD17-4821-87E9-217E46E2EAA7","ObjectType":"Container"},{"ObjectIdentifier":"720BD925-CEE8-42E1-A55A-C3703BFC49A9","ObjectType":"Container"},{"ObjectIdentifier":"S-1-5-32","ObjectType":"Base"},{"ObjectIdentifier":"36FD9A44-A043-41EF-99E0-858127F56AFA","ObjectType":"OU"},{"ObjectIdentifier":"C7F298F7-B338-44A4-B452-85F340EF78CF","ObjectType":"OU"},{"ObjectIdentifier":"493637D5-2DB4-4EC6-85CF-438A4A9FF6A5","ObjectType":"OU"},{"ObjectIdentifier":"52BA4F39-E4AC-4DF3-B122-4E5236F5A598","ObjectType":"OU"},{"ObjectIdentifier":"E12D394A-D9B6-4617-995B-4D6EFFFB6FA7","ObjectType":"OU"},{"ObjectIdentifier":"BFB86108-F408-406F-9352-1EF8A8A28F88","ObjectType":"OU"},{"ObjectIdentifier":"A6A4F81A-ED6D-445A-B4AF-936E8DE0023F","ObjectType":"OU"},{"ObjectIdentifier":"08B5D988-BB54-42C7-9E9A-767474AC767B","ObjectType":"OU"},{"ObjectIdentifier":"F4461598-304B-4AB4-B52E-AD1FBF20C3CD","ObjectType":"OU"},{"ObjectIdentifier":"A0A013E7-5D91-46E6-AE5D-C0193CF6B79E","ObjectType":"OU"},{"ObjectIdentifier":"7DFC766D-0153-42A5-B4C4-972D7BA63FAC","ObjectType":"OU"},{"ObjectIdentifier":"2D7849D2-6351-41FB-BD7B-C49D5BE1747B","ObjectType":"OU"},{"ObjectIdentifier":"59AD17C3-E941-4833-84C4-D7576ACE67FD","ObjectType":"OU"},{"ObjectIdentifier":"57339AC4-37A0-4232-B9A1-EB072DBD4EE2","ObjectType":"OU"},{"ObjectIdentifier":"81061647-F23A-452E-B1DD-D551737ECE9E","ObjectType":"OU"},{"ObjectIdentifier":"EA187F24-6421-4CDE-9F70-E5029DB47C2D","ObjectType":"OU"},{"ObjectIdentifier":"S-1-5-21-869274314-617756249-1315724796-11536","ObjectType":"User"}],"Properties":{"description":null,"functionallevel":"2016","whencreated":1070102740,"name":"RICHMONDPHARMACOLOGY.LOCAL","domainsid":"S-1-5-21-869274314-617756249-1315724796","domain":"RICHMONDPHARMACOLOGY.LOCAL","distinguishedname":"DC=RICHMONDPHARMACOLOGY,DC=LOCAL","highvalue":true},"Trusts":[],"Links":[],"GPOChanges":{"LocalAdmins":[],"RemoteDesktopUsers":[],"DcomUsers":[],"PSRemoteUsers":[],"AffectedComputers":[]},"ObjectIdentifier":"S-1-5-21-869274314-617756249-1315724796","Aces":[{"RightName":"Owns","IsInherited":false,"PrincipalSID":"Administrators","PrincipalType":"Group"},{"RightName":"WriteDacl","IsInherited":false,"PrincipalSID":"S-1-5-21-869274314-617756249-1315724796-512","PrincipalType":"Group"},{"RightName":"WriteOwner","IsInherited":false,"PrincipalSID":"S-1-5-21-869274314-617756249-1315724796-512","PrincipalType":"Group"},{"RightName":"AllExtendedRights","IsInherited":false,"PrincipalSID":"S-1-5-21-869274314-617756249-1315724796-512","PrincipalType":"Group"},{"RightName":"GenericAll","IsInherited":false,"PrincipalSID":"S-1-5-21-869274314-617756249-1315724796-519","PrincipalType":"Group"},{"RightName":"GetChangesAll","IsInherited":false,"PrincipalSID":"S-1-5-21-869274314-617756249-1315724796-516","PrincipalType":"Group"},{"RightName":"WriteDacl","IsInherited":false,"PrincipalSID":"S-1-5-21-869274314-617756249-1315724796-1113","PrincipalType":"Group"},{"RightName":"GenericAll","IsInherited":false,"PrincipalSID":"S-1-5-21-869274314-617756249-1315724796-1310","PrincipalType":"Group"},{"RightName":"GenericAll","IsInherited":false,"PrincipalSID":"S-1-5-21-869274314-617756249-1315724796-4358","PrincipalType":"Group"},{"RightName":"GenericAll","IsInherited":false,"PrincipalSID":"S-1-5-21-869274314-617756249-1315724796-4358","PrincipalType":"Group"},{"RightName":"WriteDacl","IsInherited":false,"PrincipalSID":"S-1-5-21-869274314-617756249-1315724796-7135","PrincipalType":"Group"},{"RightName":"WriteDacl","IsInherited":false,"PrincipalSID":"S-1-5-21-869274314-617756249-1315724796-7135","PrincipalType":"Group"},{"RightName":"GetChanges","IsInherited":false,"PrincipalSID":"S-1-5-21-869274314-617756249-1315724796-11611","PrincipalType":"User"},{"RightName":"GetChangesAll","IsInherited":false,"PrincipalSID":"S-1-5-21-869274314-617756249-1315724796-11611","PrincipalType":"User"},{"RightName":"GetChangesAll","IsInherited":false,"PrincipalSID":"S-1-5-21-869274314-617756249-1315724796-13105","PrincipalType":"User"},{"RightName":"GetChanges","IsInherited":false,"PrincipalSID":"S-1-5-21-869274314-617756249-1315724796-13105","PrincipalType":"User"}],"IsDeleted":false,"IsACLProtected":false}],"meta":{"methods":0,"type":"domains","count":1,"version":5}}