{"data":[{"Properties":{"description":null,"whencreated":1070102741,"gpcpath":"\\\\RICHMONDPHARMACOLOGY.LOCAL\\SYSVOL\\RICHMONDPHARMACOLOGY.LOCAL\\POLICIES\\{31B2F340-016D-11D2-945F-00C04FB984F9}","name":"DEFAULT DOMAIN POLICY@RICHMONDPHARMACOLOGY.LOCAL","domainsid":"null","domain":"RICHMONDPHARMACOLOGY.LOCAL","distinguishedname":"CN={31B2F340-016D-11D2-945F-00C04FB984F9},CN=POLICIES,CN=SYSTEM,DC=RICHMONDPHARMACOLOGY,DC=LOCAL","highvalue":false},"ObjectIdentifier":"563B41C2-14E7-43C4-A900-90AD1CEC5004","Aces":[{"RightName":"Owns","IsInherited":false,"PrincipalSID":"S-1-5-21-869274314-617756249-1315724796-512","PrincipalType":"Group"},{"RightName":"WriteDacl","IsInherited":false,"PrincipalSID":"S-1-5-21-869274314-617756249-1315724796-512","PrincipalType":"Group"},{"RightName":"WriteOwner","IsInherited":false,"PrincipalSID":"S-1-5-21-869274314-617756249-1315724796-512","PrincipalType":"Group"},{"RightName":"GenericWrite","IsInherited":false,"PrincipalSID":"S-1-5-21-869274314-617756249-1315724796-512","PrincipalType":"Group"},{"RightName":"WriteDacl","IsInherited":false,"PrincipalSID":"S-1-5-21-869274314-617756249-1315724796-519","PrincipalType":"Group"},{"RightName":"WriteOwner","IsInherited":false,"PrincipalSID":"S-1-5-21-869274314-617756249-1315724796-519","PrincipalType":"Group"},{"RightName":"GenericWrite","IsInherited":false,"PrincipalSID":"S-1-5-21-869274314-617756249-1315724796-519","PrincipalType":"Group"}],"IsDeleted":false,"IsACLProtected":true},{"Properties":{"description":null,"whencreated":1070102741,"gpcpath":"\\\\RICHMONDPHARMACOLOGY.LOCAL\\SYSVOL\\RICHMONDPHARMACOLOGY.LOCAL\\POLICIES\\{6AC1786C-016F-11D2-945F-00C04FB984F9}","name":"DEFAULT DOMAIN CONTROLLERS POLICY@RICHMONDPHARMACOLOGY.LOCAL","domainsid":"null","domain":"RICHMONDPHARMACOLOGY.LOCAL","distinguishedname":"CN={6AC1786C-016F-11D2-945F-00C04FB984F9},CN=POLICIES,CN=SYSTEM,DC=RICHMONDPHARMACOLOGY,DC=LOCAL","highvalue":false},"ObjectIdentifier":"12A32210-6ED5-4812-860E-A9B55CA70B56","Aces":[{"RightName":"Owns","IsInherited":false,"PrincipalSID":"S-1-5-21-869274314-617756249-1315724796-512","PrincipalType":"Group"},{"RightName":"WriteDacl","IsInherited":false,"PrincipalSID":"S-1-5-21-869274314-617756249-1315724796-512","PrincipalType":"Group"},{"RightName":"WriteOwner","IsInherited":false,"PrincipalSID":"S-1-5-21-869274314-617756249-1315724796-512","PrincipalType":"Group"},{"RightName":"GenericWrite","IsInherited":false,"PrincipalSID":"S-1-5-21-869274314-617756249-1315724796-512","PrincipalType":"Group"},{"RightName":"WriteDacl","IsInherited":false,"PrincipalSID":"S-1-5-21-869274314-617756249-1315724796-519","PrincipalType":"Group"},{"RightName":"WriteOwner","IsInherited":false,"PrincipalSID":"S-1-5-21-869274314-617756249-1315724796-519","PrincipalType":"Group"},{"RightName":"GenericWrite","IsInherited":false,"PrincipalSID":"S-1-5-21-869274314-617756249-1315724796-519","PrincipalType":"Group"}],"IsDeleted":false,"IsACLProtected":true},{"Properties":{"description":null,"whencreated":1070203648,"gpcpath":"\\\\RICHMONDPHARMACOLOGY.LOCAL\\SYSVOL\\RICHMONDPHARMACOLOGY.LOCAL\\POLICIES\\{80865B9D-D12B-4E76-910D-542C10583407}","name":"RPL POLICY@RICHMONDPHARMACOLOGY.LOCAL","domainsid":"null","domain":"RICHMONDPHARMACOLOGY.LOCAL","distinguishedname":"CN={80865B9D-D12B-4E76-910D-542C10583407},CN=POLICIES,CN=SYSTEM,DC=RICHMONDPHARMACOLOGY,DC=LOCAL","highvalue":false},"ObjectIdentifier":"858A592D-D7C2-44F2-942E-CD7524BEF93B","Aces":[{"RightName":"Owns","IsInherited":false,"PrincipalSID":"S-1-5-21-869274314-617756249-1315724796-512","PrincipalType":"Group"},{"RightName":"WriteDacl","IsInherited":false,"PrincipalSID":"S-1-5-21-869274314-617756249-1315724796-512","PrincipalType":"Group"},{"RightName":"WriteOwner","IsInherited":false,"PrincipalSID":"S-1-5-21-869274314-617756249-1315724796-512","PrincipalType":"Group"},{"RightName":"GenericWrite","IsInherited":false,"PrincipalSID":"S-1-5-21-869274314-617756249-1315724796-512","PrincipalType":"Group"},{"RightName":"WriteDacl","IsInherited":false,"PrincipalSID":"S-1-5-21-869274314-617756249-1315724796-519","PrincipalType":"Group"},{"RightName":"WriteOwner","IsInherited":false,"PrincipalSID":"S-1-5-21-869274314-617756249-1315724796-519","PrincipalType":"Group"},{"RightName":"GenericWrite","IsInherited":false,"PrincipalSID":"S-1-5-21-869274314-617756249-1315724796-519","PrincipalType":"Group"}],"IsDeleted":false,"IsACLProtected":true},{"Properties":{"description":null,"whencreated":1070373658,"gpcpath":"\\\\RICHMONDPHARMACOLOGY.LOCAL\\SYSVOL\\RICHMONDPHARMACOLOGY.LOCAL\\POLICIES\\{3B3E254F-C110-485C-8156-9A8EFD5BEEC0}","name":"LOGON SCRIPT (SITE A)@RICHMONDPHARMACOLOGY.LOCAL","domainsid":"null","domain":"RICHMONDPHARMACOLOGY.LOCAL","distinguishedname":"CN={3B3E254F-C110-485C-8156-9A8EFD5BEEC0},CN=POLICIES,CN=SYSTEM,DC=RICHMONDPHARMACOLOGY,DC=LOCAL","highvalue":false},"ObjectIdentifier":"6B903E1B-6D2B-4790-A023-2ABE4F1052CC","Aces":[{"RightName":"Owns","IsInherited":false,"PrincipalSID":"S-1-5-21-869274314-617756249-1315724796-512","PrincipalType":"Group"},{"RightName":"WriteDacl","IsInherited":false,"PrincipalSID":"S-1-5-21-869274314-617756249-1315724796-512","PrincipalType":"Group"},{"RightName":"WriteOwner","IsInherited":false,"PrincipalSID":"S-1-5-21-869274314-617756249-1315724796-512","PrincipalType":"Group"},{"RightName":"GenericWrite","IsInherited":false,"PrincipalSID":"S-1-5-21-869274314-617756249-1315724796-512","PrincipalType":"Group"},{"RightName":"WriteDacl","IsInherited":false,"PrincipalSID":"S-1-5-21-869274314-617756249-1315724796-519","PrincipalType":"Group"},{"RightName":"WriteOwner","IsInherited":false,"PrincipalSID":"S-1-5-21-869274314-617756249-1315724796-519","PrincipalType":"Group"},{"RightName":"GenericWrite","IsInherited":false,"PrincipalSID":"S-1-5-21-869274314-617756249-1315724796-519","PrincipalType":"Group"}],"IsDeleted":false,"IsACLProtected":true},{"Properties":{"description":null,"whencreated":1666948587,"gpcpath":"\\\\RICHMONDPHARMACOLOGY.LOCAL\\SYSVOL\\RICHMONDPHARMACOLOGY.LOCAL\\POLICIES\\{21232964-26CB-4831-8041-2612B1E6C9A5}","name":"BITLOCKER (LAPTOPS)@RICHMONDPHARMACOLOGY.LOCAL","domainsid":"null","domain":"RICHMONDPHARMACOLOGY.LOCAL","distinguishedname":"CN={21232964-26CB-4831-8041-2612B1E6C9A5},CN=POLICIES,CN=SYSTEM,DC=RICHMONDPHARMACOLOGY,DC=LOCAL","highvalue":false},"ObjectIdentifier":"BAF8C836-ADC8-4D32-991B-EED4091B672D","Aces":[{"RightName":"Owns","IsInherited":false,"PrincipalSID":"S-1-5-21-869274314-617756249-1315724796-512","PrincipalType":"Group"},{"RightName":"WriteDacl","IsInherited":false,"PrincipalSID":"S-1-5-21-869274314-617756249-1315724796-512","PrincipalType":"Group"},{"RightName":"WriteOwner","IsInherited":false,"PrincipalSID":"S-1-5-21-869274314-617756249-1315724796-512","PrincipalType":"Group"},{"RightName":"GenericWrite","IsInherited":false,"PrincipalSID":"S-1-5-21-869274314-617756249-1315724796-512","PrincipalType":"Group"},{"RightName":"WriteDacl","IsInherited":false,"PrincipalSID":"S-1-5-21-869274314-617756249-1315724796-519","PrincipalType":"Group"},{"RightName":"WriteOwner","IsInherited":false,"PrincipalSID":"S-1-5-21-869274314-617756249-1315724796-519","PrincipalType":"Group"},{"RightName":"GenericWrite","IsInherited":false,"PrincipalSID":"S-1-5-21-869274314-617756249-1315724796-519","PrincipalType":"Group"}],"IsDeleted":false,"IsACLProtected":true},{"Properties":{"description":null,"whencreated":1666963879,"gpcpath":"\\\\RICHMONDPHARMACOLOGY.LOCAL\\SYSVOL\\RICHMONDPHARMACOLOGY.LOCAL\\POLICIES\\{61F02FAF-DFAF-4E91-A418-71A034211412}","name":"INSTALL CWA RMM@RICHMONDPHARMACOLOGY.LOCAL","domainsid":"null","domain":"RICHMONDPHARMACOLOGY.LOCAL","distinguishedname":"CN={61F02FAF-DFAF-4E91-A418-71A034211412},CN=POLICIES,CN=SYSTEM,DC=RICHMONDPHARMACOLOGY,DC=LOCAL","highvalue":false},"ObjectIdentifier":"C0464007-8FF9-4EE4-B514-0E426D14B99F","Aces":[{"RightName":"Owns","IsInherited":false,"PrincipalSID":"S-1-5-21-869274314-617756249-1315724796-512","PrincipalType":"Group"},{"RightName":"WriteDacl","IsInherited":false,"PrincipalSID":"S-1-5-21-869274314-617756249-1315724796-512","PrincipalType":"Group"},{"RightName":"WriteOwner","IsInherited":false,"PrincipalSID":"S-1-5-21-869274314-617756249-1315724796-512","PrincipalType":"Group"},{"RightName":"GenericWrite","IsInherited":false,"PrincipalSID":"S-1-5-21-869274314-617756249-1315724796-512","PrincipalType":"Group"},{"RightName":"WriteDacl","IsInherited":false,"PrincipalSID":"S-1-5-21-869274314-617756249-1315724796-519","PrincipalType":"Group"},{"RightName":"WriteOwner","IsInherited":false,"PrincipalSID":"S-1-5-21-869274314-617756249-1315724796-519","PrincipalType":"Group"},{"RightName":"GenericWrite","IsInherited":false,"PrincipalSID":"S-1-5-21-869274314-617756249-1315724796-519","PrincipalType":"Group"}],"IsDeleted":false,"IsACLProtected":true},{"Properties":{"description":null,"whencreated":1668591892,"gpcpath":"\\\\RICHMONDPHARMACOLOGY.LOCAL\\SYSVOL\\RICHMONDPHARMACOLOGY.LOCAL\\POLICIES\\{3CC8C5C2-C213-4C2F-9C6B-942F6EC20996}","name":"INSTALL OFFICE@RICHMONDPHARMACOLOGY.LOCAL","domainsid":"null","domain":"RICHMONDPHARMACOLOGY.LOCAL","distinguishedname":"CN={3CC8C5C2-C213-4C2F-9C6B-942F6EC20996},CN=POLICIES,CN=SYSTEM,DC=RICHMONDPHARMACOLOGY,DC=LOCAL","highvalue":false},"ObjectIdentifier":"4F37852B-9C75-4B45-B013-F01767D04C36","Aces":[{"RightName":"Owns","IsInherited":false,"PrincipalSID":"S-1-5-21-869274314-617756249-1315724796-512","PrincipalType":"Group"},{"RightName":"WriteDacl","IsInherited":false,"PrincipalSID":"S-1-5-21-869274314-617756249-1315724796-512","PrincipalType":"Group"},{"RightName":"WriteOwner","IsInherited":false,"PrincipalSID":"S-1-5-21-869274314-617756249-1315724796-512","PrincipalType":"Group"},{"RightName":"GenericWrite","IsInherited":false,"PrincipalSID":"S-1-5-21-869274314-617756249-1315724796-512","PrincipalType":"Group"},{"RightName":"WriteDacl","IsInherited":false,"PrincipalSID":"S-1-5-21-869274314-617756249-1315724796-519","PrincipalType":"Group"},{"RightName":"WriteOwner","IsInherited":false,"PrincipalSID":"S-1-5-21-869274314-617756249-1315724796-519","PrincipalType":"Group"},{"RightName":"GenericWrite","IsInherited":false,"PrincipalSID":"S-1-5-21-869274314-617756249-1315724796-519","PrincipalType":"Group"}],"IsDeleted":false,"IsACLProtected":true},{"Properties":{"description":null,"whencreated":1668609766,"gpcpath":"\\\\RICHMONDPHARMACOLOGY.LOCAL\\SYSVOL\\RICHMONDPHARMACOLOGY.LOCAL\\POLICIES\\{85B6294A-32A8-428B-8F0D-8002A65E857D}","name":"NETTIME CONFIG@RICHMONDPHARMACOLOGY.LOCAL","domainsid":"null","domain":"RICHMONDPHARMACOLOGY.LOCAL","distinguishedname":"CN={85B6294A-32A8-428B-8F0D-8002A65E857D},CN=POLICIES,CN=SYSTEM,DC=RICHMONDPHARMACOLOGY,DC=LOCAL","highvalue":false},"ObjectIdentifier":"A97B0A54-CEC9-446F-8D0C-201C9ADB1446","Aces":[{"RightName":"Owns","IsInherited":false,"PrincipalSID":"S-1-5-21-869274314-617756249-1315724796-512","PrincipalType":"Group"},{"RightName":"WriteDacl","IsInherited":false,"PrincipalSID":"S-1-5-21-869274314-617756249-1315724796-512","PrincipalType":"Group"},{"RightName":"WriteOwner","IsInherited":false,"PrincipalSID":"S-1-5-21-869274314-617756249-1315724796-512","PrincipalType":"Group"},{"RightName":"GenericWrite","IsInherited":false,"PrincipalSID":"S-1-5-21-869274314-617756249-1315724796-512","PrincipalType":"Group"},{"RightName":"WriteDacl","IsInherited":false,"PrincipalSID":"S-1-5-21-869274314-617756249-1315724796-519","PrincipalType":"Group"},{"RightName":"WriteOwner","IsInherited":false,"PrincipalSID":"S-1-5-21-869274314-617756249-1315724796-519","PrincipalType":"Group"},{"RightName":"GenericWrite","IsInherited":false,"PrincipalSID":"S-1-5-21-869274314-617756249-1315724796-519","PrincipalType":"Group"}],"IsDeleted":false,"IsACLProtected":true},{"Properties":{"description":null,"whencreated":1668684768,"gpcpath":"\\\\RICHMONDPHARMACOLOGY.LOCAL\\SYSVOL\\RICHMONDPHARMACOLOGY.LOCAL\\POLICIES\\{A1A6B8E3-33C7-46A6-940E-B3AFBB63FCB9}","name":"SLEEP SETTINGS@RICHMONDPHARMACOLOGY.LOCAL","domainsid":"null","domain":"RICHMONDPHARMACOLOGY.LOCAL","distinguishedname":"CN={A1A6B8E3-33C7-46A6-940E-B3AFBB63FCB9},CN=POLICIES,CN=SYSTEM,DC=RICHMONDPHARMACOLOGY,DC=LOCAL","highvalue":false},"ObjectIdentifier":"2DB8FE25-6B52-4A34-8C2C-9F2E82B85241","Aces":[{"RightName":"Owns","IsInherited":false,"PrincipalSID":"S-1-5-21-869274314-617756249-1315724796-512","PrincipalType":"Group"},{"RightName":"WriteDacl","IsInherited":false,"PrincipalSID":"S-1-5-21-869274314-617756249-1315724796-512","PrincipalType":"Group"},{"RightName":"WriteOwner","IsInherited":false,"PrincipalSID":"S-1-5-21-869274314-617756249-1315724796-512","PrincipalType":"Group"},{"RightName":"GenericWrite","IsInherited":false,"PrincipalSID":"S-1-5-21-869274314-617756249-1315724796-512","PrincipalType":"Group"},{"RightName":"WriteDacl","IsInherited":false,"PrincipalSID":"S-1-5-21-869274314-617756249-1315724796-519","PrincipalType":"Group"},{"RightName":"WriteOwner","IsInherited":false,"PrincipalSID":"S-1-5-21-869274314-617756249-1315724796-519","PrincipalType":"Group"},{"RightName":"GenericWrite","IsInherited":false,"PrincipalSID":"S-1-5-21-869274314-617756249-1315724796-519","PrincipalType":"Group"}],"IsDeleted":false,"IsACLProtected":true},{"Properties":{"description":null,"whencreated":1670235525,"gpcpath":"\\\\RICHMONDPHARMACOLOGY.LOCAL\\SYSVOL\\RICHMONDPHARMACOLOGY.LOCAL\\POLICIES\\{90AC54BB-87E6-483D-8485-DC1E69C4B3C9}","name":"BITLOCKER CONFIGURATION@RICHMONDPHARMACOLOGY.LOCAL","domainsid":"null","domain":"RICHMONDPHARMACOLOGY.LOCAL","distinguishedname":"CN={90AC54BB-87E6-483D-8485-DC1E69C4B3C9},CN=POLICIES,CN=SYSTEM,DC=RICHMONDPHARMACOLOGY,DC=LOCAL","highvalue":false},"ObjectIdentifier":"7F2D74EA-13D7-4C31-8D54-C41C1659A462","Aces":[{"RightName":"Owns","IsInherited":false,"PrincipalSID":"S-1-5-21-869274314-617756249-1315724796-512","PrincipalType":"Group"},{"RightName":"WriteDacl","IsInherited":false,"PrincipalSID":"S-1-5-21-869274314-617756249-1315724796-512","PrincipalType":"Group"},{"RightName":"WriteOwner","IsInherited":false,"PrincipalSID":"S-1-5-21-869274314-617756249-1315724796-512","PrincipalType":"Group"},{"RightName":"GenericWrite","IsInherited":false,"PrincipalSID":"S-1-5-21-869274314-617756249-1315724796-512","PrincipalType":"Group"},{"RightName":"WriteDacl","IsInherited":false,"PrincipalSID":"S-1-5-21-869274314-617756249-1315724796-519","PrincipalType":"Group"},{"RightName":"WriteOwner","IsInherited":false,"PrincipalSID":"S-1-5-21-869274314-617756249-1315724796-519","PrincipalType":"Group"},{"RightName":"GenericWrite","IsInherited":false,"PrincipalSID":"S-1-5-21-869274314-617756249-1315724796-519","PrincipalType":"Group"}],"IsDeleted":false,"IsACLProtected":true},{"Properties":{"description":null,"whencreated":1671707112,"gpcpath":"\\\\RICHMONDPHARMACOLOGY.LOCAL\\SYSVOL\\RICHMONDPHARMACOLOGY.LOCAL\\POLICIES\\{E9436B09-985A-4AFB-9CDF-785F3314330D}","name":"PRINTERS@RICHMONDPHARMACOLOGY.LOCAL","domainsid":"null","domain":"RICHMONDPHARMACOLOGY.LOCAL","distinguishedname":"CN={E9436B09-985A-4AFB-9CDF-785F3314330D},CN=POLICIES,CN=SYSTEM,DC=RICHMONDPHARMACOLOGY,DC=LOCAL","highvalue":false},"ObjectIdentifier":"390CA703-9F3F-4CAE-B040-C02B96E2DAB1","Aces":[{"RightName":"Owns","IsInherited":false,"PrincipalSID":"S-1-5-21-869274314-617756249-1315724796-512","PrincipalType":"Group"},{"RightName":"WriteDacl","IsInherited":false,"PrincipalSID":"S-1-5-21-869274314-617756249-1315724796-512","PrincipalType":"Group"},{"RightName":"WriteOwner","IsInherited":false,"PrincipalSID":"S-1-5-21-869274314-617756249-1315724796-512","PrincipalType":"Group"},{"RightName":"GenericWrite","IsInherited":false,"PrincipalSID":"S-1-5-21-869274314-617756249-1315724796-512","PrincipalType":"Group"},{"RightName":"WriteDacl","IsInherited":false,"PrincipalSID":"S-1-5-21-869274314-617756249-1315724796-519","PrincipalType":"Group"},{"RightName":"WriteOwner","IsInherited":false,"PrincipalSID":"S-1-5-21-869274314-617756249-1315724796-519","PrincipalType":"Group"},{"RightName":"GenericWrite","IsInherited":false,"PrincipalSID":"S-1-5-21-869274314-617756249-1315724796-519","PrincipalType":"Group"}],"IsDeleted":false,"IsACLProtected":true},{"Properties":{"description":null,"whencreated":1675248713,"gpcpath":"\\\\RICHMONDPHARMACOLOGY.LOCAL\\SYSVOL\\RICHMONDPHARMACOLOGY.LOCAL\\POLICIES\\{1870AF7A-4F62-4279-A652-662DDD5B5039}","name":"INSTALL .NET3.5@RICHMONDPHARMACOLOGY.LOCAL","domainsid":"null","domain":"RICHMONDPHARMACOLOGY.LOCAL","distinguishedname":"CN={1870AF7A-4F62-4279-A652-662DDD5B5039},CN=POLICIES,CN=SYSTEM,DC=RICHMONDPHARMACOLOGY,DC=LOCAL","highvalue":false},"ObjectIdentifier":"B61BD64A-5BA9-460E-8A73-2F46635357DE","Aces":[{"RightName":"Owns","IsInherited":false,"PrincipalSID":"S-1-5-21-869274314-617756249-1315724796-512","PrincipalType":"Group"},{"RightName":"WriteDacl","IsInherited":false,"PrincipalSID":"S-1-5-21-869274314-617756249-1315724796-512","PrincipalType":"Group"},{"RightName":"WriteOwner","IsInherited":false,"PrincipalSID":"S-1-5-21-869274314-617756249-1315724796-512","PrincipalType":"Group"},{"RightName":"GenericWrite","IsInherited":false,"PrincipalSID":"S-1-5-21-869274314-617756249-1315724796-512","PrincipalType":"Group"},{"RightName":"WriteDacl","IsInherited":false,"PrincipalSID":"S-1-5-21-869274314-617756249-1315724796-519","PrincipalType":"Group"},{"RightName":"WriteOwner","IsInherited":false,"PrincipalSID":"S-1-5-21-869274314-617756249-1315724796-519","PrincipalType":"Group"},{"RightName":"GenericWrite","IsInherited":false,"PrincipalSID":"S-1-5-21-869274314-617756249-1315724796-519","PrincipalType":"Group"}],"IsDeleted":false,"IsACLProtected":true},{"Properties":{"description":null,"whencreated":1675959779,"gpcpath":"\\\\RICHMONDPHARMACOLOGY.LOCAL\\SYSVOL\\RICHMONDPHARMACOLOGY.LOCAL\\POLICIES\\{95FAB9A1-CCC6-4B6D-A2D9-DBC6601C0524}","name":"REMOVE TEAMS FOR HOME OR SMALL BUSINSESS@RICHMONDPHARMACOLOGY.LOCAL","domainsid":"null","domain":"RICHMONDPHARMACOLOGY.LOCAL","distinguishedname":"CN={95FAB9A1-CCC6-4B6D-A2D9-DBC6601C0524},CN=POLICIES,CN=SYSTEM,DC=RICHMONDPHARMACOLOGY,DC=LOCAL","highvalue":false},"ObjectIdentifier":"B281075C-961A-4385-945C-0778FF4EE42A","Aces":[{"RightName":"Owns","IsInherited":false,"PrincipalSID":"S-1-5-21-869274314-617756249-1315724796-512","PrincipalType":"Group"},{"RightName":"WriteDacl","IsInherited":false,"PrincipalSID":"S-1-5-21-869274314-617756249-1315724796-512","PrincipalType":"Group"},{"RightName":"WriteOwner","IsInherited":false,"PrincipalSID":"S-1-5-21-869274314-617756249-1315724796-512","PrincipalType":"Group"},{"RightName":"GenericWrite","IsInherited":false,"PrincipalSID":"S-1-5-21-869274314-617756249-1315724796-512","PrincipalType":"Group"},{"RightName":"WriteDacl","IsInherited":false,"PrincipalSID":"S-1-5-21-869274314-617756249-1315724796-519","PrincipalType":"Group"},{"RightName":"WriteOwner","IsInherited":false,"PrincipalSID":"S-1-5-21-869274314-617756249-1315724796-519","PrincipalType":"Group"},{"RightName":"GenericWrite","IsInherited":false,"PrincipalSID":"S-1-5-21-869274314-617756249-1315724796-519","PrincipalType":"Group"}],"IsDeleted":false,"IsACLProtected":true},{"Properties":{"description":null,"whencreated":1675961992,"gpcpath":"\\\\RICHMONDPHARMACOLOGY.LOCAL\\SYSVOL\\RICHMONDPHARMACOLOGY.LOCAL\\POLICIES\\{80CBE79B-F631-4CCE-95FD-8A58C4C443B4}","name":"ADD WI-FI NETWORK@RICHMONDPHARMACOLOGY.LOCAL","domainsid":"null","domain":"RICHMONDPHARMACOLOGY.LOCAL","distinguishedname":"CN={80CBE79B-F631-4CCE-95FD-8A58C4C443B4},CN=POLICIES,CN=SYSTEM,DC=RICHMONDPHARMACOLOGY,DC=LOCAL","highvalue":false},"ObjectIdentifier":"112C2A06-58CD-4E47-A243-87403A9226D6","Aces":[{"RightName":"Owns","IsInherited":false,"PrincipalSID":"S-1-5-21-869274314-617756249-1315724796-512","PrincipalType":"Group"},{"RightName":"WriteDacl","IsInherited":false,"PrincipalSID":"S-1-5-21-869274314-617756249-1315724796-512","PrincipalType":"Group"},{"RightName":"WriteOwner","IsInherited":false,"PrincipalSID":"S-1-5-21-869274314-617756249-1315724796-512","PrincipalType":"Group"},{"RightName":"GenericWrite","IsInherited":false,"PrincipalSID":"S-1-5-21-869274314-617756249-1315724796-512","PrincipalType":"Group"},{"RightName":"WriteDacl","IsInherited":false,"PrincipalSID":"S-1-5-21-869274314-617756249-1315724796-519","PrincipalType":"Group"},{"RightName":"WriteOwner","IsInherited":false,"PrincipalSID":"S-1-5-21-869274314-617756249-1315724796-519","PrincipalType":"Group"},{"RightName":"GenericWrite","IsInherited":false,"PrincipalSID":"S-1-5-21-869274314-617756249-1315724796-519","PrincipalType":"Group"}],"IsDeleted":false,"IsACLProtected":true},{"Properties":{"description":null,"whencreated":1677096783,"gpcpath":"\\\\RICHMONDPHARMACOLOGY.LOCAL\\SYSVOL\\RICHMONDPHARMACOLOGY.LOCAL\\POLICIES\\{7A20D7DC-F253-40CB-A146-3964BB203035}","name":"TTS_PUSH@RICHMONDPHARMACOLOGY.LOCAL","domainsid":"null","domain":"RICHMONDPHARMACOLOGY.LOCAL","distinguishedname":"CN={7A20D7DC-F253-40CB-A146-3964BB203035},CN=POLICIES,CN=SYSTEM,DC=RICHMONDPHARMACOLOGY,DC=LOCAL","highvalue":false},"ObjectIdentifier":"D9F58E86-5DAD-4DD6-9797-1410858D9947","Aces":[{"RightName":"Owns","IsInherited":false,"PrincipalSID":"S-1-5-21-869274314-617756249-1315724796-512","PrincipalType":"Group"},{"RightName":"WriteDacl","IsInherited":false,"PrincipalSID":"S-1-5-21-869274314-617756249-1315724796-512","PrincipalType":"Group"},{"RightName":"WriteOwner","IsInherited":false,"PrincipalSID":"S-1-5-21-869274314-617756249-1315724796-512","PrincipalType":"Group"},{"RightName":"GenericWrite","IsInherited":false,"PrincipalSID":"S-1-5-21-869274314-617756249-1315724796-512","PrincipalType":"Group"},{"RightName":"WriteDacl","IsInherited":false,"PrincipalSID":"S-1-5-21-869274314-617756249-1315724796-519","PrincipalType":"Group"},{"RightName":"WriteOwner","IsInherited":false,"PrincipalSID":"S-1-5-21-869274314-617756249-1315724796-519","PrincipalType":"Group"},{"RightName":"GenericWrite","IsInherited":false,"PrincipalSID":"S-1-5-21-869274314-617756249-1315724796-519","PrincipalType":"Group"}],"IsDeleted":false,"IsACLProtected":true},{"Properties":{"description":null,"whencreated":1679665919,"gpcpath":"\\\\RICHMONDPHARMACOLOGY.LOCAL\\SYSVOL\\RICHMONDPHARMACOLOGY.LOCAL\\POLICIES\\{9DA83080-E25C-474D-8F8B-031D0189C2FB}","name":"RDS COMPUTER SETTINGS@RICHMONDPHARMACOLOGY.LOCAL","domainsid":"null","domain":"RICHMONDPHARMACOLOGY.LOCAL","distinguishedname":"CN={9DA83080-E25C-474D-8F8B-031D0189C2FB},CN=POLICIES,CN=SYSTEM,DC=RICHMONDPHARMACOLOGY,DC=LOCAL","highvalue":false},"ObjectIdentifier":"36419DD3-21F2-432F-A58A-D6717059C427","Aces":[{"RightName":"Owns","IsInherited":false,"PrincipalSID":"S-1-5-21-869274314-617756249-1315724796-512","PrincipalType":"Group"},{"RightName":"WriteDacl","IsInherited":false,"PrincipalSID":"S-1-5-21-869274314-617756249-1315724796-512","PrincipalType":"Group"},{"RightName":"WriteOwner","IsInherited":false,"PrincipalSID":"S-1-5-21-869274314-617756249-1315724796-512","PrincipalType":"Group"},{"RightName":"GenericWrite","IsInherited":false,"PrincipalSID":"S-1-5-21-869274314-617756249-1315724796-512","PrincipalType":"Group"},{"RightName":"WriteDacl","IsInherited":false,"PrincipalSID":"S-1-5-21-869274314-617756249-1315724796-519","PrincipalType":"Group"},{"RightName":"WriteOwner","IsInherited":false,"PrincipalSID":"S-1-5-21-869274314-617756249-1315724796-519","PrincipalType":"Group"},{"RightName":"GenericWrite","IsInherited":false,"PrincipalSID":"S-1-5-21-869274314-617756249-1315724796-519","PrincipalType":"Group"}],"IsDeleted":false,"IsACLProtected":true},{"Properties":{"description":null,"whencreated":1679665987,"gpcpath":"\\\\RICHMONDPHARMACOLOGY.LOCAL\\SYSVOL\\RICHMONDPHARMACOLOGY.LOCAL\\POLICIES\\{ED3B4A65-9A44-4224-9CB6-3FD103FDC75A}","name":"RDS INACTIVITY@RICHMONDPHARMACOLOGY.LOCAL","domainsid":"null","domain":"RICHMONDPHARMACOLOGY.LOCAL","distinguishedname":"CN={ED3B4A65-9A44-4224-9CB6-3FD103FDC75A},CN=POLICIES,CN=SYSTEM,DC=RICHMONDPHARMACOLOGY,DC=LOCAL","highvalue":false},"ObjectIdentifier":"2867A5E4-5154-4442-B473-25E9C0C19F3B","Aces":[{"RightName":"Owns","IsInherited":false,"PrincipalSID":"S-1-5-21-869274314-617756249-1315724796-512","PrincipalType":"Group"},{"RightName":"WriteDacl","IsInherited":false,"PrincipalSID":"S-1-5-21-869274314-617756249-1315724796-512","PrincipalType":"Group"},{"RightName":"WriteOwner","IsInherited":false,"PrincipalSID":"S-1-5-21-869274314-617756249-1315724796-512","PrincipalType":"Group"},{"RightName":"GenericWrite","IsInherited":false,"PrincipalSID":"S-1-5-21-869274314-617756249-1315724796-512","PrincipalType":"Group"},{"RightName":"WriteDacl","IsInherited":false,"PrincipalSID":"S-1-5-21-869274314-617756249-1315724796-519","PrincipalType":"Group"},{"RightName":"WriteOwner","IsInherited":false,"PrincipalSID":"S-1-5-21-869274314-617756249-1315724796-519","PrincipalType":"Group"},{"RightName":"GenericWrite","IsInherited":false,"PrincipalSID":"S-1-5-21-869274314-617756249-1315724796-519","PrincipalType":"Group"}],"IsDeleted":false,"IsACLProtected":true},{"Properties":{"description":null,"whencreated":1679666145,"gpcpath":"\\\\RICHMONDPHARMACOLOGY.LOCAL\\SYSVOL\\RICHMONDPHARMACOLOGY.LOCAL\\POLICIES\\{E1A84226-2EC0-4E01-92CC-F4FEC6F0A11D}","name":"RDS LOOPBACK@RICHMONDPHARMACOLOGY.LOCAL","domainsid":"null","domain":"RICHMONDPHARMACOLOGY.LOCAL","distinguishedname":"CN={E1A84226-2EC0-4E01-92CC-F4FEC6F0A11D},CN=POLICIES,CN=SYSTEM,DC=RICHMONDPHARMACOLOGY,DC=LOCAL","highvalue":false},"ObjectIdentifier":"3A8DF07D-F097-4014-BE44-8FED4587C207","Aces":[{"RightName":"Owns","IsInherited":false,"PrincipalSID":"S-1-5-21-869274314-617756249-1315724796-512","PrincipalType":"Group"},{"RightName":"WriteDacl","IsInherited":false,"PrincipalSID":"S-1-5-21-869274314-617756249-1315724796-512","PrincipalType":"Group"},{"RightName":"WriteOwner","IsInherited":false,"PrincipalSID":"S-1-5-21-869274314-617756249-1315724796-512","PrincipalType":"Group"},{"RightName":"GenericWrite","IsInherited":false,"PrincipalSID":"S-1-5-21-869274314-617756249-1315724796-512","PrincipalType":"Group"},{"RightName":"WriteDacl","IsInherited":false,"PrincipalSID":"S-1-5-21-869274314-617756249-1315724796-519","PrincipalType":"Group"},{"RightName":"WriteOwner","IsInherited":false,"PrincipalSID":"S-1-5-21-869274314-617756249-1315724796-519","PrincipalType":"Group"},{"RightName":"GenericWrite","IsInherited":false,"PrincipalSID":"S-1-5-21-869274314-617756249-1315724796-519","PrincipalType":"Group"}],"IsDeleted":false,"IsACLProtected":true},{"Properties":{"description":null,"whencreated":1679666191,"gpcpath":"\\\\RICHMONDPHARMACOLOGY.LOCAL\\SYSVOL\\RICHMONDPHARMACOLOGY.LOCAL\\POLICIES\\{5077E5D7-DEA2-4E58-9D92-171F4B333D1D}","name":"RDS USER SETTINGS@RICHMONDPHARMACOLOGY.LOCAL","domainsid":"null","domain":"RICHMONDPHARMACOLOGY.LOCAL","distinguishedname":"CN={5077E5D7-DEA2-4E58-9D92-171F4B333D1D},CN=POLICIES,CN=SYSTEM,DC=RICHMONDPHARMACOLOGY,DC=LOCAL","highvalue":false},"ObjectIdentifier":"3E614567-0AA9-4958-880D-ABC3C9876338","Aces":[{"RightName":"Owns","IsInherited":false,"PrincipalSID":"S-1-5-21-869274314-617756249-1315724796-512","PrincipalType":"Group"},{"RightName":"WriteDacl","IsInherited":false,"PrincipalSID":"S-1-5-21-869274314-617756249-1315724796-512","PrincipalType":"Group"},{"RightName":"WriteOwner","IsInherited":false,"PrincipalSID":"S-1-5-21-869274314-617756249-1315724796-512","PrincipalType":"Group"},{"RightName":"GenericWrite","IsInherited":false,"PrincipalSID":"S-1-5-21-869274314-617756249-1315724796-512","PrincipalType":"Group"},{"RightName":"WriteDacl","IsInherited":false,"PrincipalSID":"S-1-5-21-869274314-617756249-1315724796-519","PrincipalType":"Group"},{"RightName":"WriteOwner","IsInherited":false,"PrincipalSID":"S-1-5-21-869274314-617756249-1315724796-519","PrincipalType":"Group"},{"RightName":"GenericWrite","IsInherited":false,"PrincipalSID":"S-1-5-21-869274314-617756249-1315724796-519","PrincipalType":"Group"}],"IsDeleted":false,"IsACLProtected":true},{"Properties":{"description":null,"whencreated":1679666584,"gpcpath":"\\\\RICHMONDPHARMACOLOGY.LOCAL\\SYSVOL\\RICHMONDPHARMACOLOGY.LOCAL\\POLICIES\\{B2E8CA56-7425-46AD-8A79-7CDCF4E02CDA}","name":"RDS WININSTALLER@RICHMONDPHARMACOLOGY.LOCAL","domainsid":"null","domain":"RICHMONDPHARMACOLOGY.LOCAL","distinguishedname":"CN={B2E8CA56-7425-46AD-8A79-7CDCF4E02CDA},CN=POLICIES,CN=SYSTEM,DC=RICHMONDPHARMACOLOGY,DC=LOCAL","highvalue":false},"ObjectIdentifier":"17EB8D52-A8B3-4D94-A012-C258A0A1F679","Aces":[{"RightName":"Owns","IsInherited":false,"PrincipalSID":"S-1-5-21-869274314-617756249-1315724796-512","PrincipalType":"Group"},{"RightName":"WriteDacl","IsInherited":false,"PrincipalSID":"S-1-5-21-869274314-617756249-1315724796-512","PrincipalType":"Group"},{"RightName":"WriteOwner","IsInherited":false,"PrincipalSID":"S-1-5-21-869274314-617756249-1315724796-512","PrincipalType":"Group"},{"RightName":"GenericWrite","IsInherited":false,"PrincipalSID":"S-1-5-21-869274314-617756249-1315724796-512","PrincipalType":"Group"},{"RightName":"WriteDacl","IsInherited":false,"PrincipalSID":"S-1-5-21-869274314-617756249-1315724796-519","PrincipalType":"Group"},{"RightName":"WriteOwner","IsInherited":false,"PrincipalSID":"S-1-5-21-869274314-617756249-1315724796-519","PrincipalType":"Group"},{"RightName":"GenericWrite","IsInherited":false,"PrincipalSID":"S-1-5-21-869274314-617756249-1315724796-519","PrincipalType":"Group"}],"IsDeleted":false,"IsACLProtected":true},{"Properties":{"description":null,"whencreated":1680011968,"gpcpath":"\\\\RICHMONDPHARMACOLOGY.LOCAL\\SYSVOL\\RICHMONDPHARMACOLOGY.LOCAL\\POLICIES\\{543D1931-9B6B-4845-A2A3-36CB9AC2EDD7}","name":"RDS DEPLOY REMOTE ACCESS (U)@RICHMONDPHARMACOLOGY.LOCAL","domainsid":"null","domain":"RICHMONDPHARMACOLOGY.LOCAL","distinguishedname":"CN={543D1931-9B6B-4845-A2A3-36CB9AC2EDD7},CN=POLICIES,CN=SYSTEM,DC=RICHMONDPHARMACOLOGY,DC=LOCAL","highvalue":false},"ObjectIdentifier":"E3B330A7-4493-4468-84CE-2AC9EF2234A4","Aces":[{"RightName":"Owns","IsInherited":false,"PrincipalSID":"S-1-5-21-869274314-617756249-1315724796-512","PrincipalType":"Group"},{"RightName":"WriteDacl","IsInherited":false,"PrincipalSID":"S-1-5-21-869274314-617756249-1315724796-512","PrincipalType":"Group"},{"RightName":"WriteOwner","IsInherited":false,"PrincipalSID":"S-1-5-21-869274314-617756249-1315724796-512","PrincipalType":"Group"},{"RightName":"GenericWrite","IsInherited":false,"PrincipalSID":"S-1-5-21-869274314-617756249-1315724796-512","PrincipalType":"Group"},{"RightName":"WriteDacl","IsInherited":false,"PrincipalSID":"S-1-5-21-869274314-617756249-1315724796-519","PrincipalType":"Group"},{"RightName":"WriteOwner","IsInherited":false,"PrincipalSID":"S-1-5-21-869274314-617756249-1315724796-519","PrincipalType":"Group"},{"RightName":"GenericWrite","IsInherited":false,"PrincipalSID":"S-1-5-21-869274314-617756249-1315724796-519","PrincipalType":"Group"}],"IsDeleted":false,"IsACLProtected":true},{"Properties":{"description":null,"whencreated":1680176802,"gpcpath":"\\\\RICHMONDPHARMACOLOGY.LOCAL\\SYSVOL\\RICHMONDPHARMACOLOGY.LOCAL\\POLICIES\\{101D1FDC-FBB8-406E-A042-877E011D2304}","name":"BGINFO@RICHMONDPHARMACOLOGY.LOCAL","domainsid":"null","domain":"RICHMONDPHARMACOLOGY.LOCAL","distinguishedname":"CN={101D1FDC-FBB8-406E-A042-877E011D2304},CN=POLICIES,CN=SYSTEM,DC=RICHMONDPHARMACOLOGY,DC=LOCAL","highvalue":false},"ObjectIdentifier":"7F28877B-9A70-43EB-96F9-D53093932E36","Aces":[{"RightName":"Owns","IsInherited":false,"PrincipalSID":"S-1-5-21-869274314-617756249-1315724796-512","PrincipalType":"Group"},{"RightName":"WriteDacl","IsInherited":false,"PrincipalSID":"S-1-5-21-869274314-617756249-1315724796-512","PrincipalType":"Group"},{"RightName":"WriteOwner","IsInherited":false,"PrincipalSID":"S-1-5-21-869274314-617756249-1315724796-512","PrincipalType":"Group"},{"RightName":"GenericWrite","IsInherited":false,"PrincipalSID":"S-1-5-21-869274314-617756249-1315724796-512","PrincipalType":"Group"},{"RightName":"WriteDacl","IsInherited":false,"PrincipalSID":"S-1-5-21-869274314-617756249-1315724796-519","PrincipalType":"Group"},{"RightName":"WriteOwner","IsInherited":false,"PrincipalSID":"S-1-5-21-869274314-617756249-1315724796-519","PrincipalType":"Group"},{"RightName":"GenericWrite","IsInherited":false,"PrincipalSID":"S-1-5-21-869274314-617756249-1315724796-519","PrincipalType":"Group"}],"IsDeleted":false,"IsACLProtected":true},{"Properties":{"description":null,"whencreated":1680536502,"gpcpath":"\\\\RICHMONDPHARMACOLOGY.LOCAL\\SYSVOL\\RICHMONDPHARMACOLOGY.LOCAL\\POLICIES\\{2DAFB50E-7F1A-4B1B-9526-237CFF27AD68}","name":"VR PRINTER MAPPINGS@RICHMONDPHARMACOLOGY.LOCAL","domainsid":"null","domain":"RICHMONDPHARMACOLOGY.LOCAL","distinguishedname":"CN={2DAFB50E-7F1A-4B1B-9526-237CFF27AD68},CN=POLICIES,CN=SYSTEM,DC=RICHMONDPHARMACOLOGY,DC=LOCAL","highvalue":false},"ObjectIdentifier":"28D9AA24-439E-4708-AE26-E522948B1A6F","Aces":[{"RightName":"Owns","IsInherited":false,"PrincipalSID":"S-1-5-21-869274314-617756249-1315724796-512","PrincipalType":"Group"},{"RightName":"WriteDacl","IsInherited":false,"PrincipalSID":"S-1-5-21-869274314-617756249-1315724796-512","PrincipalType":"Group"},{"RightName":"WriteOwner","IsInherited":false,"PrincipalSID":"S-1-5-21-869274314-617756249-1315724796-512","PrincipalType":"Group"},{"RightName":"GenericWrite","IsInherited":false,"PrincipalSID":"S-1-5-21-869274314-617756249-1315724796-512","PrincipalType":"Group"},{"RightName":"WriteDacl","IsInherited":false,"PrincipalSID":"S-1-5-21-869274314-617756249-1315724796-519","PrincipalType":"Group"},{"RightName":"WriteOwner","IsInherited":false,"PrincipalSID":"S-1-5-21-869274314-617756249-1315724796-519","PrincipalType":"Group"},{"RightName":"GenericWrite","IsInherited":false,"PrincipalSID":"S-1-5-21-869274314-617756249-1315724796-519","PrincipalType":"Group"}],"IsDeleted":false,"IsACLProtected":true},{"Properties":{"description":null,"whencreated":1680792189,"gpcpath":"\\\\RICHMONDPHARMACOLOGY.LOCAL\\SYSVOL\\RICHMONDPHARMACOLOGY.LOCAL\\POLICIES\\{E91857C9-3309-4C7F-9CFA-D6029706B065}","name":"ALLOW CYBERGRAPH BANNERS@RICHMONDPHARMACOLOGY.LOCAL","domainsid":"null","domain":"RICHMONDPHARMACOLOGY.LOCAL","distinguishedname":"CN={E91857C9-3309-4C7F-9CFA-D6029706B065},CN=POLICIES,CN=SYSTEM,DC=RICHMONDPHARMACOLOGY,DC=LOCAL","highvalue":false},"ObjectIdentifier":"FC026A7B-B4D7-4BE8-AA98-A6AA6CB16E33","Aces":[{"RightName":"Owns","IsInherited":false,"PrincipalSID":"S-1-5-21-869274314-617756249-1315724796-512","PrincipalType":"Group"},{"RightName":"WriteDacl","IsInherited":false,"PrincipalSID":"S-1-5-21-869274314-617756249-1315724796-512","PrincipalType":"Group"},{"RightName":"WriteOwner","IsInherited":false,"PrincipalSID":"S-1-5-21-869274314-617756249-1315724796-512","PrincipalType":"Group"},{"RightName":"GenericWrite","IsInherited":false,"PrincipalSID":"S-1-5-21-869274314-617756249-1315724796-512","PrincipalType":"Group"},{"RightName":"WriteDacl","IsInherited":false,"PrincipalSID":"S-1-5-21-869274314-617756249-1315724796-519","PrincipalType":"Group"},{"RightName":"WriteOwner","IsInherited":false,"PrincipalSID":"S-1-5-21-869274314-617756249-1315724796-519","PrincipalType":"Group"},{"RightName":"GenericWrite","IsInherited":false,"PrincipalSID":"S-1-5-21-869274314-617756249-1315724796-519","PrincipalType":"Group"}],"IsDeleted":false,"IsACLProtected":true},{"Properties":{"description":null,"whencreated":1680793805,"gpcpath":"\\\\RICHMONDPHARMACOLOGY.LOCAL\\SYSVOL\\RICHMONDPHARMACOLOGY.LOCAL\\POLICIES\\{8E53B28B-AF10-414E-BB27-AFEFFD7FB0F1}","name":"FOLLOW ME PRINTING@RICHMONDPHARMACOLOGY.LOCAL","domainsid":"null","domain":"RICHMONDPHARMACOLOGY.LOCAL","distinguishedname":"CN={8E53B28B-AF10-414E-BB27-AFEFFD7FB0F1},CN=POLICIES,CN=SYSTEM,DC=RICHMONDPHARMACOLOGY,DC=LOCAL","highvalue":false},"ObjectIdentifier":"9CD19261-19B0-4BC7-A1D3-55326486093B","Aces":[{"RightName":"Owns","IsInherited":false,"PrincipalSID":"S-1-5-21-869274314-617756249-1315724796-512","PrincipalType":"Group"},{"RightName":"WriteDacl","IsInherited":false,"PrincipalSID":"S-1-5-21-869274314-617756249-1315724796-512","PrincipalType":"Group"},{"RightName":"WriteOwner","IsInherited":false,"PrincipalSID":"S-1-5-21-869274314-617756249-1315724796-512","PrincipalType":"Group"},{"RightName":"GenericWrite","IsInherited":false,"PrincipalSID":"S-1-5-21-869274314-617756249-1315724796-512","PrincipalType":"Group"},{"RightName":"WriteDacl","IsInherited":false,"PrincipalSID":"S-1-5-21-869274314-617756249-1315724796-519","PrincipalType":"Group"},{"RightName":"WriteOwner","IsInherited":false,"PrincipalSID":"S-1-5-21-869274314-617756249-1315724796-519","PrincipalType":"Group"},{"RightName":"GenericWrite","IsInherited":false,"PrincipalSID":"S-1-5-21-869274314-617756249-1315724796-519","PrincipalType":"Group"}],"IsDeleted":false,"IsACLProtected":true},{"Properties":{"description":null,"whencreated":1681462076,"gpcpath":"\\\\RICHMONDPHARMACOLOGY.LOCAL\\SYSVOL\\RICHMONDPHARMACOLOGY.LOCAL\\POLICIES\\{686699D9-4424-4F5C-B76E-39883DBD6B79}","name":"LAPS@RICHMONDPHARMACOLOGY.LOCAL","domainsid":"null","domain":"RICHMONDPHARMACOLOGY.LOCAL","distinguishedname":"CN={686699D9-4424-4F5C-B76E-39883DBD6B79},CN=POLICIES,CN=SYSTEM,DC=RICHMONDPHARMACOLOGY,DC=LOCAL","highvalue":false},"ObjectIdentifier":"72753C7B-19AD-47A7-BA6F-D0A239571816","Aces":[{"RightName":"Owns","IsInherited":false,"PrincipalSID":"S-1-5-21-869274314-617756249-1315724796-512","PrincipalType":"Group"},{"RightName":"WriteDacl","IsInherited":false,"PrincipalSID":"S-1-5-21-869274314-617756249-1315724796-512","PrincipalType":"Group"},{"RightName":"WriteOwner","IsInherited":false,"PrincipalSID":"S-1-5-21-869274314-617756249-1315724796-512","PrincipalType":"Group"},{"RightName":"GenericWrite","IsInherited":false,"PrincipalSID":"S-1-5-21-869274314-617756249-1315724796-512","PrincipalType":"Group"},{"RightName":"WriteDacl","IsInherited":false,"PrincipalSID":"S-1-5-21-869274314-617756249-1315724796-519","PrincipalType":"Group"},{"RightName":"WriteOwner","IsInherited":false,"PrincipalSID":"S-1-5-21-869274314-617756249-1315724796-519","PrincipalType":"Group"},{"RightName":"GenericWrite","IsInherited":false,"PrincipalSID":"S-1-5-21-869274314-617756249-1315724796-519","PrincipalType":"Group"}],"IsDeleted":false,"IsACLProtected":true},{"Properties":{"description":null,"whencreated":1681899222,"gpcpath":"\\\\RICHMONDPHARMACOLOGY.LOCAL\\SYSVOL\\RICHMONDPHARMACOLOGY.LOCAL\\POLICIES\\{A628AB4F-4309-4734-8BCD-7A5E2AA794D6}","name":"RDS SOFTWARE POLICY@RICHMONDPHARMACOLOGY.LOCAL","domainsid":"null","domain":"RICHMONDPHARMACOLOGY.LOCAL","distinguishedname":"CN={A628AB4F-4309-4734-8BCD-7A5E2AA794D6},CN=POLICIES,CN=SYSTEM,DC=RICHMONDPHARMACOLOGY,DC=LOCAL","highvalue":false},"ObjectIdentifier":"84586160-880F-4B70-B1F2-F5A8837319A4","Aces":[{"RightName":"Owns","IsInherited":false,"PrincipalSID":"S-1-5-21-869274314-617756249-1315724796-512","PrincipalType":"Group"},{"RightName":"WriteDacl","IsInherited":false,"PrincipalSID":"S-1-5-21-869274314-617756249-1315724796-512","PrincipalType":"Group"},{"RightName":"WriteOwner","IsInherited":false,"PrincipalSID":"S-1-5-21-869274314-617756249-1315724796-512","PrincipalType":"Group"},{"RightName":"GenericWrite","IsInherited":false,"PrincipalSID":"S-1-5-21-869274314-617756249-1315724796-512","PrincipalType":"Group"},{"RightName":"WriteDacl","IsInherited":false,"PrincipalSID":"S-1-5-21-869274314-617756249-1315724796-519","PrincipalType":"Group"},{"RightName":"WriteOwner","IsInherited":false,"PrincipalSID":"S-1-5-21-869274314-617756249-1315724796-519","PrincipalType":"Group"},{"RightName":"GenericWrite","IsInherited":false,"PrincipalSID":"S-1-5-21-869274314-617756249-1315724796-519","PrincipalType":"Group"}],"IsDeleted":false,"IsACLProtected":true},{"Properties":{"description":null,"whencreated":1681995079,"gpcpath":"\\\\RICHMONDPHARMACOLOGY.LOCAL\\SYSVOL\\RICHMONDPHARMACOLOGY.LOCAL\\POLICIES\\{7F1D5185-FD5E-460A-809A-84B12BC60A63}","name":"TIME TRACKER SOFTWARE@RICHMONDPHARMACOLOGY.LOCAL","domainsid":"null","domain":"RICHMONDPHARMACOLOGY.LOCAL","distinguishedname":"CN={7F1D5185-FD5E-460A-809A-84B12BC60A63},CN=POLICIES,CN=SYSTEM,DC=RICHMONDPHARMACOLOGY,DC=LOCAL","highvalue":false},"ObjectIdentifier":"4CDECF91-B2BD-47EF-8304-9CD1BCB7699E","Aces":[{"RightName":"Owns","IsInherited":false,"PrincipalSID":"S-1-5-21-869274314-617756249-1315724796-512","PrincipalType":"Group"},{"RightName":"WriteDacl","IsInherited":false,"PrincipalSID":"S-1-5-21-869274314-617756249-1315724796-512","PrincipalType":"Group"},{"RightName":"WriteOwner","IsInherited":false,"PrincipalSID":"S-1-5-21-869274314-617756249-1315724796-512","PrincipalType":"Group"},{"RightName":"GenericWrite","IsInherited":false,"PrincipalSID":"S-1-5-21-869274314-617756249-1315724796-512","PrincipalType":"Group"},{"RightName":"WriteDacl","IsInherited":false,"PrincipalSID":"S-1-5-21-869274314-617756249-1315724796-519","PrincipalType":"Group"},{"RightName":"WriteOwner","IsInherited":false,"PrincipalSID":"S-1-5-21-869274314-617756249-1315724796-519","PrincipalType":"Group"},{"RightName":"GenericWrite","IsInherited":false,"PrincipalSID":"S-1-5-21-869274314-617756249-1315724796-519","PrincipalType":"Group"}],"IsDeleted":false,"IsACLProtected":true},{"Properties":{"description":null,"whencreated":1682523150,"gpcpath":"\\\\RICHMONDPHARMACOLOGY.LOCAL\\SYSVOL\\RICHMONDPHARMACOLOGY.LOCAL\\POLICIES\\{26BD3B7B-4655-4C24-99A5-5D663997333F}","name":"SERVER LOGON@RICHMONDPHARMACOLOGY.LOCAL","domainsid":"null","domain":"RICHMONDPHARMACOLOGY.LOCAL","distinguishedname":"CN={26BD3B7B-4655-4C24-99A5-5D663997333F},CN=POLICIES,CN=SYSTEM,DC=RICHMONDPHARMACOLOGY,DC=LOCAL","highvalue":false},"ObjectIdentifier":"92379846-E022-429C-A94B-968C5C0D6002","Aces":[{"RightName":"Owns","IsInherited":false,"PrincipalSID":"S-1-5-21-869274314-617756249-1315724796-512","PrincipalType":"Group"},{"RightName":"WriteDacl","IsInherited":false,"PrincipalSID":"S-1-5-21-869274314-617756249-1315724796-512","PrincipalType":"Group"},{"RightName":"WriteOwner","IsInherited":false,"PrincipalSID":"S-1-5-21-869274314-617756249-1315724796-512","PrincipalType":"Group"},{"RightName":"GenericWrite","IsInherited":false,"PrincipalSID":"S-1-5-21-869274314-617756249-1315724796-512","PrincipalType":"Group"},{"RightName":"WriteDacl","IsInherited":false,"PrincipalSID":"S-1-5-21-869274314-617756249-1315724796-519","PrincipalType":"Group"},{"RightName":"WriteOwner","IsInherited":false,"PrincipalSID":"S-1-5-21-869274314-617756249-1315724796-519","PrincipalType":"Group"},{"RightName":"GenericWrite","IsInherited":false,"PrincipalSID":"S-1-5-21-869274314-617756249-1315724796-519","PrincipalType":"Group"}],"IsDeleted":false,"IsACLProtected":true},{"Properties":{"description":null,"whencreated":1682605318,"gpcpath":"\\\\RICHMONDPHARMACOLOGY.LOCAL\\SYSVOL\\RICHMONDPHARMACOLOGY.LOCAL\\POLICIES\\{E74CC09F-B518-4C33-9856-4FE72EFEF7BF}","name":"MSRA@RICHMONDPHARMACOLOGY.LOCAL","domainsid":"null","domain":"RICHMONDPHARMACOLOGY.LOCAL","distinguishedname":"CN={E74CC09F-B518-4C33-9856-4FE72EFEF7BF},CN=POLICIES,CN=SYSTEM,DC=RICHMONDPHARMACOLOGY,DC=LOCAL","highvalue":false},"ObjectIdentifier":"14ABC6BA-83FF-48AB-8414-56FE21D7BB75","Aces":[{"RightName":"Owns","IsInherited":false,"PrincipalSID":"S-1-5-21-869274314-617756249-1315724796-512","PrincipalType":"Group"},{"RightName":"WriteDacl","IsInherited":false,"PrincipalSID":"S-1-5-21-869274314-617756249-1315724796-512","PrincipalType":"Group"},{"RightName":"WriteOwner","IsInherited":false,"PrincipalSID":"S-1-5-21-869274314-617756249-1315724796-512","PrincipalType":"Group"},{"RightName":"GenericWrite","IsInherited":false,"PrincipalSID":"S-1-5-21-869274314-617756249-1315724796-512","PrincipalType":"Group"},{"RightName":"WriteDacl","IsInherited":false,"PrincipalSID":"S-1-5-21-869274314-617756249-1315724796-519","PrincipalType":"Group"},{"RightName":"WriteOwner","IsInherited":false,"PrincipalSID":"S-1-5-21-869274314-617756249-1315724796-519","PrincipalType":"Group"},{"RightName":"GenericWrite","IsInherited":false,"PrincipalSID":"S-1-5-21-869274314-617756249-1315724796-519","PrincipalType":"Group"}],"IsDeleted":false,"IsACLProtected":true},{"Properties":{"description":null,"whencreated":1683026148,"gpcpath":"\\\\RICHMONDPHARMACOLOGY.LOCAL\\SYSVOL\\RICHMONDPHARMACOLOGY.LOCAL\\POLICIES\\{C62BD774-36A0-4261-A371-698212286E60}","name":"DEFAULT RDP PORT@RICHMONDPHARMACOLOGY.LOCAL","domainsid":"null","domain":"RICHMONDPHARMACOLOGY.LOCAL","distinguishedname":"CN={C62BD774-36A0-4261-A371-698212286E60},CN=POLICIES,CN=SYSTEM,DC=RICHMONDPHARMACOLOGY,DC=LOCAL","highvalue":false},"ObjectIdentifier":"4EE44DC1-0E78-469C-B1BD-167FFD93D7EB","Aces":[{"RightName":"Owns","IsInherited":false,"PrincipalSID":"S-1-5-21-869274314-617756249-1315724796-512","PrincipalType":"Group"},{"RightName":"WriteDacl","IsInherited":false,"PrincipalSID":"S-1-5-21-869274314-617756249-1315724796-512","PrincipalType":"Group"},{"RightName":"WriteOwner","IsInherited":false,"PrincipalSID":"S-1-5-21-869274314-617756249-1315724796-512","PrincipalType":"Group"},{"RightName":"GenericWrite","IsInherited":false,"PrincipalSID":"S-1-5-21-869274314-617756249-1315724796-512","PrincipalType":"Group"},{"RightName":"WriteDacl","IsInherited":false,"PrincipalSID":"S-1-5-21-869274314-617756249-1315724796-519","PrincipalType":"Group"},{"RightName":"WriteOwner","IsInherited":false,"PrincipalSID":"S-1-5-21-869274314-617756249-1315724796-519","PrincipalType":"Group"},{"RightName":"GenericWrite","IsInherited":false,"PrincipalSID":"S-1-5-21-869274314-617756249-1315724796-519","PrincipalType":"Group"}],"IsDeleted":false,"IsACLProtected":true},{"Properties":{"description":null,"whencreated":1683048103,"gpcpath":"\\\\RICHMONDPHARMACOLOGY.LOCAL\\SYSVOL\\RICHMONDPHARMACOLOGY.LOCAL\\POLICIES\\{AFCAC515-967F-4FF7-88A8-1F9606297FF0}","name":"ONEDRIVE REDIRECTION@RICHMONDPHARMACOLOGY.LOCAL","domainsid":"null","domain":"RICHMONDPHARMACOLOGY.LOCAL","distinguishedname":"CN={AFCAC515-967F-4FF7-88A8-1F9606297FF0},CN=POLICIES,CN=SYSTEM,DC=RICHMONDPHARMACOLOGY,DC=LOCAL","highvalue":false},"ObjectIdentifier":"E4251372-905E-45AB-B85F-39B20F4892CC","Aces":[{"RightName":"Owns","IsInherited":false,"PrincipalSID":"S-1-5-21-869274314-617756249-1315724796-512","PrincipalType":"Group"},{"RightName":"WriteDacl","IsInherited":false,"PrincipalSID":"S-1-5-21-869274314-617756249-1315724796-512","PrincipalType":"Group"},{"RightName":"WriteOwner","IsInherited":false,"PrincipalSID":"S-1-5-21-869274314-617756249-1315724796-512","PrincipalType":"Group"},{"RightName":"GenericWrite","IsInherited":false,"PrincipalSID":"S-1-5-21-869274314-617756249-1315724796-512","PrincipalType":"Group"},{"RightName":"WriteDacl","IsInherited":false,"PrincipalSID":"S-1-5-21-869274314-617756249-1315724796-519","PrincipalType":"Group"},{"RightName":"WriteOwner","IsInherited":false,"PrincipalSID":"S-1-5-21-869274314-617756249-1315724796-519","PrincipalType":"Group"},{"RightName":"GenericWrite","IsInherited":false,"PrincipalSID":"S-1-5-21-869274314-617756249-1315724796-519","PrincipalType":"Group"}],"IsDeleted":false,"IsACLProtected":true},{"Properties":{"description":null,"whencreated":1683815927,"gpcpath":"\\\\RICHMONDPHARMACOLOGY.LOCAL\\SYSVOL\\RICHMONDPHARMACOLOGY.LOCAL\\POLICIES\\{F28C5629-C56C-4426-BED8-CCF80DFB9F99}","name":"INSTALL CISCO ANYCONNECT VPN@RICHMONDPHARMACOLOGY.LOCAL","domainsid":"null","domain":"RICHMONDPHARMACOLOGY.LOCAL","distinguishedname":"CN={F28C5629-C56C-4426-BED8-CCF80DFB9F99},CN=POLICIES,CN=SYSTEM,DC=RICHMONDPHARMACOLOGY,DC=LOCAL","highvalue":false},"ObjectIdentifier":"1B2A93CE-BD04-497B-9D8A-AFA90F5EF63F","Aces":[{"RightName":"Owns","IsInherited":false,"PrincipalSID":"S-1-5-21-869274314-617756249-1315724796-512","PrincipalType":"Group"},{"RightName":"WriteDacl","IsInherited":false,"PrincipalSID":"S-1-5-21-869274314-617756249-1315724796-512","PrincipalType":"Group"},{"RightName":"WriteOwner","IsInherited":false,"PrincipalSID":"S-1-5-21-869274314-617756249-1315724796-512","PrincipalType":"Group"},{"RightName":"GenericWrite","IsInherited":false,"PrincipalSID":"S-1-5-21-869274314-617756249-1315724796-512","PrincipalType":"Group"},{"RightName":"WriteDacl","IsInherited":false,"PrincipalSID":"S-1-5-21-869274314-617756249-1315724796-519","PrincipalType":"Group"},{"RightName":"WriteOwner","IsInherited":false,"PrincipalSID":"S-1-5-21-869274314-617756249-1315724796-519","PrincipalType":"Group"},{"RightName":"GenericWrite","IsInherited":false,"PrincipalSID":"S-1-5-21-869274314-617756249-1315724796-519","PrincipalType":"Group"}],"IsDeleted":false,"IsACLProtected":true},{"Properties":{"description":null,"whencreated":1684502501,"gpcpath":"\\\\RICHMONDPHARMACOLOGY.LOCAL\\SYSVOL\\RICHMONDPHARMACOLOGY.LOCAL\\POLICIES\\{8AD623D6-5187-48D8-9739-D1558F46FFA5}","name":"BROWSER HOME PAGE - SHAREPOINT@RICHMONDPHARMACOLOGY.LOCAL","domainsid":"null","domain":"RICHMONDPHARMACOLOGY.LOCAL","distinguishedname":"CN={8AD623D6-5187-48D8-9739-D1558F46FFA5},CN=POLICIES,CN=SYSTEM,DC=RICHMONDPHARMACOLOGY,DC=LOCAL","highvalue":false},"ObjectIdentifier":"081AA8A8-BCE6-4678-803D-3A8E4773CD8F","Aces":[{"RightName":"Owns","IsInherited":false,"PrincipalSID":"S-1-5-21-869274314-617756249-1315724796-512","PrincipalType":"Group"},{"RightName":"WriteDacl","IsInherited":false,"PrincipalSID":"S-1-5-21-869274314-617756249-1315724796-512","PrincipalType":"Group"},{"RightName":"WriteOwner","IsInherited":false,"PrincipalSID":"S-1-5-21-869274314-617756249-1315724796-512","PrincipalType":"Group"},{"RightName":"GenericWrite","IsInherited":false,"PrincipalSID":"S-1-5-21-869274314-617756249-1315724796-512","PrincipalType":"Group"},{"RightName":"WriteDacl","IsInherited":false,"PrincipalSID":"S-1-5-21-869274314-617756249-1315724796-519","PrincipalType":"Group"},{"RightName":"WriteOwner","IsInherited":false,"PrincipalSID":"S-1-5-21-869274314-617756249-1315724796-519","PrincipalType":"Group"},{"RightName":"GenericWrite","IsInherited":false,"PrincipalSID":"S-1-5-21-869274314-617756249-1315724796-519","PrincipalType":"Group"}],"IsDeleted":false,"IsACLProtected":true},{"Properties":{"description":null,"whencreated":1687442806,"gpcpath":"\\\\RICHMONDPHARMACOLOGY.LOCAL\\SYSVOL\\RICHMONDPHARMACOLOGY.LOCAL\\POLICIES\\{22A0CBB8-1028-4531-B113-E562ED9B3C84}","name":"MS DEFENDER@RICHMONDPHARMACOLOGY.LOCAL","domainsid":"null","domain":"RICHMONDPHARMACOLOGY.LOCAL","distinguishedname":"CN={22A0CBB8-1028-4531-B113-E562ED9B3C84},CN=POLICIES,CN=SYSTEM,DC=RICHMONDPHARMACOLOGY,DC=LOCAL","highvalue":false},"ObjectIdentifier":"4C83C95B-73EC-4193-95DC-33D7621F3334","Aces":[{"RightName":"Owns","IsInherited":false,"PrincipalSID":"S-1-5-21-869274314-617756249-1315724796-512","PrincipalType":"Group"},{"RightName":"WriteDacl","IsInherited":false,"PrincipalSID":"S-1-5-21-869274314-617756249-1315724796-512","PrincipalType":"Group"},{"RightName":"WriteOwner","IsInherited":false,"PrincipalSID":"S-1-5-21-869274314-617756249-1315724796-512","PrincipalType":"Group"},{"RightName":"GenericWrite","IsInherited":false,"PrincipalSID":"S-1-5-21-869274314-617756249-1315724796-512","PrincipalType":"Group"},{"RightName":"WriteDacl","IsInherited":false,"PrincipalSID":"S-1-5-21-869274314-617756249-1315724796-519","PrincipalType":"Group"},{"RightName":"WriteOwner","IsInherited":false,"PrincipalSID":"S-1-5-21-869274314-617756249-1315724796-519","PrincipalType":"Group"},{"RightName":"GenericWrite","IsInherited":false,"PrincipalSID":"S-1-5-21-869274314-617756249-1315724796-519","PrincipalType":"Group"}],"IsDeleted":false,"IsACLProtected":true},{"Properties":{"description":null,"whencreated":1690373445,"gpcpath":"\\\\RICHMONDPHARMACOLOGY.LOCAL\\SYSVOL\\RICHMONDPHARMACOLOGY.LOCAL\\POLICIES\\{CFD1CC9F-8AA8-413F-A4B8-02714F207632}","name":"FINANCE PRINTER MAPPINGS@RICHMONDPHARMACOLOGY.LOCAL","domainsid":"null","domain":"RICHMONDPHARMACOLOGY.LOCAL","distinguishedname":"CN={CFD1CC9F-8AA8-413F-A4B8-02714F207632},CN=POLICIES,CN=SYSTEM,DC=RICHMONDPHARMACOLOGY,DC=LOCAL","highvalue":false},"ObjectIdentifier":"ABE388A6-2DC1-4187-9ABC-C84EE5619027","Aces":[{"RightName":"Owns","IsInherited":false,"PrincipalSID":"S-1-5-21-869274314-617756249-1315724796-512","PrincipalType":"Group"},{"RightName":"WriteDacl","IsInherited":false,"PrincipalSID":"S-1-5-21-869274314-617756249-1315724796-512","PrincipalType":"Group"},{"RightName":"WriteOwner","IsInherited":false,"PrincipalSID":"S-1-5-21-869274314-617756249-1315724796-512","PrincipalType":"Group"},{"RightName":"GenericWrite","IsInherited":false,"PrincipalSID":"S-1-5-21-869274314-617756249-1315724796-512","PrincipalType":"Group"},{"RightName":"WriteDacl","IsInherited":false,"PrincipalSID":"S-1-5-21-869274314-617756249-1315724796-519","PrincipalType":"Group"},{"RightName":"WriteOwner","IsInherited":false,"PrincipalSID":"S-1-5-21-869274314-617756249-1315724796-519","PrincipalType":"Group"},{"RightName":"GenericWrite","IsInherited":false,"PrincipalSID":"S-1-5-21-869274314-617756249-1315724796-519","PrincipalType":"Group"}],"IsDeleted":false,"IsACLProtected":true},{"Properties":{"description":null,"whencreated":1690373525,"gpcpath":"\\\\RICHMONDPHARMACOLOGY.LOCAL\\SYSVOL\\RICHMONDPHARMACOLOGY.LOCAL\\POLICIES\\{AA34EDDC-BC3C-4156-8E5D-AE23A45D1BA3}","name":"HR PRINTER MAPPINGS@RICHMONDPHARMACOLOGY.LOCAL","domainsid":"null","domain":"RICHMONDPHARMACOLOGY.LOCAL","distinguishedname":"CN={AA34EDDC-BC3C-4156-8E5D-AE23A45D1BA3},CN=POLICIES,CN=SYSTEM,DC=RICHMONDPHARMACOLOGY,DC=LOCAL","highvalue":false},"ObjectIdentifier":"DBE9A17D-D0BA-4298-AD02-571B5E9A01E2","Aces":[{"RightName":"Owns","IsInherited":false,"PrincipalSID":"S-1-5-21-869274314-617756249-1315724796-512","PrincipalType":"Group"},{"RightName":"WriteDacl","IsInherited":false,"PrincipalSID":"S-1-5-21-869274314-617756249-1315724796-512","PrincipalType":"Group"},{"RightName":"WriteOwner","IsInherited":false,"PrincipalSID":"S-1-5-21-869274314-617756249-1315724796-512","PrincipalType":"Group"},{"RightName":"GenericWrite","IsInherited":false,"PrincipalSID":"S-1-5-21-869274314-617756249-1315724796-512","PrincipalType":"Group"},{"RightName":"WriteDacl","IsInherited":false,"PrincipalSID":"S-1-5-21-869274314-617756249-1315724796-519","PrincipalType":"Group"},{"RightName":"WriteOwner","IsInherited":false,"PrincipalSID":"S-1-5-21-869274314-617756249-1315724796-519","PrincipalType":"Group"},{"RightName":"GenericWrite","IsInherited":false,"PrincipalSID":"S-1-5-21-869274314-617756249-1315724796-519","PrincipalType":"Group"}],"IsDeleted":false,"IsACLProtected":true},{"Properties":{"description":null,"whencreated":1690905007,"gpcpath":"\\\\RICHMONDPHARMACOLOGY.LOCAL\\SYSVOL\\RICHMONDPHARMACOLOGY.LOCAL\\POLICIES\\{78DCF1BF-F400-4FEB-B778-82982C6DB090}","name":"MDMENROLLMENT@RICHMONDPHARMACOLOGY.LOCAL","domainsid":"null","domain":"RICHMONDPHARMACOLOGY.LOCAL","distinguishedname":"CN={78DCF1BF-F400-4FEB-B778-82982C6DB090},CN=POLICIES,CN=SYSTEM,DC=RICHMONDPHARMACOLOGY,DC=LOCAL","highvalue":false},"ObjectIdentifier":"C7CADE4C-C2AE-4B3E-BF0C-DC782FA76865","Aces":[{"RightName":"Owns","IsInherited":false,"PrincipalSID":"S-1-5-21-869274314-617756249-1315724796-512","PrincipalType":"Group"},{"RightName":"WriteDacl","IsInherited":false,"PrincipalSID":"S-1-5-21-869274314-617756249-1315724796-512","PrincipalType":"Group"},{"RightName":"WriteOwner","IsInherited":false,"PrincipalSID":"S-1-5-21-869274314-617756249-1315724796-512","PrincipalType":"Group"},{"RightName":"GenericWrite","IsInherited":false,"PrincipalSID":"S-1-5-21-869274314-617756249-1315724796-512","PrincipalType":"Group"},{"RightName":"WriteDacl","IsInherited":false,"PrincipalSID":"S-1-5-21-869274314-617756249-1315724796-519","PrincipalType":"Group"},{"RightName":"WriteOwner","IsInherited":false,"PrincipalSID":"S-1-5-21-869274314-617756249-1315724796-519","PrincipalType":"Group"},{"RightName":"GenericWrite","IsInherited":false,"PrincipalSID":"S-1-5-21-869274314-617756249-1315724796-519","PrincipalType":"Group"}],"IsDeleted":false,"IsACLProtected":true},{"Properties":{"description":null,"whencreated":1695289689,"gpcpath":"\\\\RICHMONDPHARMACOLOGY.LOCAL\\SYSVOL\\RICHMONDPHARMACOLOGY.LOCAL\\POLICIES\\{8C98FB89-4184-49D1-9C6E-4A4A81835D22}","name":"DELETE USER PROFILES@RICHMONDPHARMACOLOGY.LOCAL","domainsid":"null","domain":"RICHMONDPHARMACOLOGY.LOCAL","distinguishedname":"CN={8C98FB89-4184-49D1-9C6E-4A4A81835D22},CN=POLICIES,CN=SYSTEM,DC=RICHMONDPHARMACOLOGY,DC=LOCAL","highvalue":false},"ObjectIdentifier":"3A91E2E4-951A-480A-8BF8-B9CEEF1745F9","Aces":[{"RightName":"Owns","IsInherited":false,"PrincipalSID":"S-1-5-21-869274314-617756249-1315724796-512","PrincipalType":"Group"},{"RightName":"WriteDacl","IsInherited":false,"PrincipalSID":"S-1-5-21-869274314-617756249-1315724796-512","PrincipalType":"Group"},{"RightName":"WriteOwner","IsInherited":false,"PrincipalSID":"S-1-5-21-869274314-617756249-1315724796-512","PrincipalType":"Group"},{"RightName":"GenericWrite","IsInherited":false,"PrincipalSID":"S-1-5-21-869274314-617756249-1315724796-512","PrincipalType":"Group"},{"RightName":"WriteDacl","IsInherited":false,"PrincipalSID":"S-1-5-21-869274314-617756249-1315724796-519","PrincipalType":"Group"},{"RightName":"WriteOwner","IsInherited":false,"PrincipalSID":"S-1-5-21-869274314-617756249-1315724796-519","PrincipalType":"Group"},{"RightName":"GenericWrite","IsInherited":false,"PrincipalSID":"S-1-5-21-869274314-617756249-1315724796-519","PrincipalType":"Group"}],"IsDeleted":false,"IsACLProtected":true},{"Properties":{"description":null,"whencreated":1695633663,"gpcpath":"\\\\RICHMONDPHARMACOLOGY.LOCAL\\SYSVOL\\RICHMONDPHARMACOLOGY.LOCAL\\POLICIES\\{1E1240D7-C9C8-40B9-B671-EC9C5AAC67FC}","name":"UK REGIONAL SETTING@RICHMONDPHARMACOLOGY.LOCAL","domainsid":"null","domain":"RICHMONDPHARMACOLOGY.LOCAL","distinguishedname":"CN={1E1240D7-C9C8-40B9-B671-EC9C5AAC67FC},CN=POLICIES,CN=SYSTEM,DC=RICHMONDPHARMACOLOGY,DC=LOCAL","highvalue":false},"ObjectIdentifier":"6ED01429-6C4E-4AE7-8D6B-92E5538ED789","Aces":[{"RightName":"Owns","IsInherited":false,"PrincipalSID":"S-1-5-21-869274314-617756249-1315724796-512","PrincipalType":"Group"},{"RightName":"WriteDacl","IsInherited":false,"PrincipalSID":"S-1-5-21-869274314-617756249-1315724796-512","PrincipalType":"Group"},{"RightName":"WriteOwner","IsInherited":false,"PrincipalSID":"S-1-5-21-869274314-617756249-1315724796-512","PrincipalType":"Group"},{"RightName":"GenericWrite","IsInherited":false,"PrincipalSID":"S-1-5-21-869274314-617756249-1315724796-512","PrincipalType":"Group"},{"RightName":"WriteDacl","IsInherited":false,"PrincipalSID":"S-1-5-21-869274314-617756249-1315724796-519","PrincipalType":"Group"},{"RightName":"WriteOwner","IsInherited":false,"PrincipalSID":"S-1-5-21-869274314-617756249-1315724796-519","PrincipalType":"Group"},{"RightName":"GenericWrite","IsInherited":false,"PrincipalSID":"S-1-5-21-869274314-617756249-1315724796-519","PrincipalType":"Group"}],"IsDeleted":false,"IsACLProtected":true},{"Properties":{"description":null,"whencreated":1696332697,"gpcpath":"\\\\RICHMONDPHARMACOLOGY.LOCAL\\SYSVOL\\RICHMONDPHARMACOLOGY.LOCAL\\POLICIES\\{8ED3DE1B-2218-4D5B-959A-3E1D37D96771}","name":"AUTO MDM ENROLLMENT@RICHMONDPHARMACOLOGY.LOCAL","domainsid":"null","domain":"RICHMONDPHARMACOLOGY.LOCAL","distinguishedname":"CN={8ED3DE1B-2218-4D5B-959A-3E1D37D96771},CN=POLICIES,CN=SYSTEM,DC=RICHMONDPHARMACOLOGY,DC=LOCAL","highvalue":false},"ObjectIdentifier":"CAD18038-5D79-46B1-9E3B-7FF5D934D06B","Aces":[{"RightName":"Owns","IsInherited":false,"PrincipalSID":"S-1-5-21-869274314-617756249-1315724796-512","PrincipalType":"Group"},{"RightName":"WriteDacl","IsInherited":false,"PrincipalSID":"S-1-5-21-869274314-617756249-1315724796-512","PrincipalType":"Group"},{"RightName":"WriteOwner","IsInherited":false,"PrincipalSID":"S-1-5-21-869274314-617756249-1315724796-512","PrincipalType":"Group"},{"RightName":"GenericWrite","IsInherited":false,"PrincipalSID":"S-1-5-21-869274314-617756249-1315724796-512","PrincipalType":"Group"},{"RightName":"WriteDacl","IsInherited":false,"PrincipalSID":"S-1-5-21-869274314-617756249-1315724796-519","PrincipalType":"Group"},{"RightName":"WriteOwner","IsInherited":false,"PrincipalSID":"S-1-5-21-869274314-617756249-1315724796-519","PrincipalType":"Group"},{"RightName":"GenericWrite","IsInherited":false,"PrincipalSID":"S-1-5-21-869274314-617756249-1315724796-519","PrincipalType":"Group"}],"IsDeleted":false,"IsACLProtected":true},{"Properties":{"description":null,"whencreated":1706108242,"gpcpath":"\\\\RICHMONDPHARMACOLOGY.LOCAL\\SYSVOL\\RICHMONDPHARMACOLOGY.LOCAL\\POLICIES\\{83DB8497-B7EE-45F4-9924-E9503B3AFD53}","name":"E DRIVE@RICHMONDPHARMACOLOGY.LOCAL","domainsid":"null","domain":"RICHMONDPHARMACOLOGY.LOCAL","distinguishedname":"CN={83DB8497-B7EE-45F4-9924-E9503B3AFD53},CN=POLICIES,CN=SYSTEM,DC=RICHMONDPHARMACOLOGY,DC=LOCAL","highvalue":false},"ObjectIdentifier":"675100F1-46C7-4FE8-B766-2A8A6859B838","Aces":[{"RightName":"Owns","IsInherited":false,"PrincipalSID":"S-1-5-21-869274314-617756249-1315724796-512","PrincipalType":"Group"},{"RightName":"WriteDacl","IsInherited":false,"PrincipalSID":"S-1-5-21-869274314-617756249-1315724796-512","PrincipalType":"Group"},{"RightName":"WriteOwner","IsInherited":false,"PrincipalSID":"S-1-5-21-869274314-617756249-1315724796-512","PrincipalType":"Group"},{"RightName":"GenericWrite","IsInherited":false,"PrincipalSID":"S-1-5-21-869274314-617756249-1315724796-512","PrincipalType":"Group"},{"RightName":"WriteDacl","IsInherited":false,"PrincipalSID":"S-1-5-21-869274314-617756249-1315724796-519","PrincipalType":"Group"},{"RightName":"WriteOwner","IsInherited":false,"PrincipalSID":"S-1-5-21-869274314-617756249-1315724796-519","PrincipalType":"Group"},{"RightName":"GenericWrite","IsInherited":false,"PrincipalSID":"S-1-5-21-869274314-617756249-1315724796-519","PrincipalType":"Group"}],"IsDeleted":false,"IsACLProtected":true},{"Properties":{"description":null,"whencreated":1707735323,"gpcpath":"\\\\RICHMONDPHARMACOLOGY.LOCAL\\SYSVOL\\RICHMONDPHARMACOLOGY.LOCAL\\POLICIES\\{C68B6A94-7457-4A93-ABA2-B5E1B83504A8}","name":"DEPLOY NEW BRANDING WORD TEMPLATE@RICHMONDPHARMACOLOGY.LOCAL","domainsid":"null","domain":"RICHMONDPHARMACOLOGY.LOCAL","distinguishedname":"CN={C68B6A94-7457-4A93-ABA2-B5E1B83504A8},CN=POLICIES,CN=SYSTEM,DC=RICHMONDPHARMACOLOGY,DC=LOCAL","highvalue":false},"ObjectIdentifier":"07AD8835-52F6-4821-A6A7-F7F0ED7C0D1E","Aces":[{"RightName":"Owns","IsInherited":false,"PrincipalSID":"S-1-5-21-869274314-617756249-1315724796-512","PrincipalType":"Group"},{"RightName":"WriteDacl","IsInherited":false,"PrincipalSID":"S-1-5-21-869274314-617756249-1315724796-512","PrincipalType":"Group"},{"RightName":"WriteOwner","IsInherited":false,"PrincipalSID":"S-1-5-21-869274314-617756249-1315724796-512","PrincipalType":"Group"},{"RightName":"GenericWrite","IsInherited":false,"PrincipalSID":"S-1-5-21-869274314-617756249-1315724796-512","PrincipalType":"Group"},{"RightName":"WriteDacl","IsInherited":false,"PrincipalSID":"S-1-5-21-869274314-617756249-1315724796-519","PrincipalType":"Group"},{"RightName":"WriteOwner","IsInherited":false,"PrincipalSID":"S-1-5-21-869274314-617756249-1315724796-519","PrincipalType":"Group"},{"RightName":"GenericWrite","IsInherited":false,"PrincipalSID":"S-1-5-21-869274314-617756249-1315724796-519","PrincipalType":"Group"}],"IsDeleted":false,"IsACLProtected":true},{"Properties":{"description":null,"whencreated":1715077562,"gpcpath":"\\\\RICHMONDPHARMACOLOGY.LOCAL\\SYSVOL\\RICHMONDPHARMACOLOGY.LOCAL\\POLICIES\\{199BE17B-4CB8-4772-94A0-0C6663BFEA28}","name":"ENABLE ENCRYPTION ORACLE REMEDIATION@RICHMONDPHARMACOLOGY.LOCAL","domainsid":"null","domain":"RICHMONDPHARMACOLOGY.LOCAL","distinguishedname":"CN={199BE17B-4CB8-4772-94A0-0C6663BFEA28},CN=POLICIES,CN=SYSTEM,DC=RICHMONDPHARMACOLOGY,DC=LOCAL","highvalue":false},"ObjectIdentifier":"9F0CE9C6-8F87-4A78-B9E8-50C503547781","Aces":[{"RightName":"Owns","IsInherited":false,"PrincipalSID":"S-1-5-21-869274314-617756249-1315724796-512","PrincipalType":"Group"},{"RightName":"WriteDacl","IsInherited":false,"PrincipalSID":"S-1-5-21-869274314-617756249-1315724796-512","PrincipalType":"Group"},{"RightName":"WriteOwner","IsInherited":false,"PrincipalSID":"S-1-5-21-869274314-617756249-1315724796-512","PrincipalType":"Group"},{"RightName":"GenericWrite","IsInherited":false,"PrincipalSID":"S-1-5-21-869274314-617756249-1315724796-512","PrincipalType":"Group"},{"RightName":"WriteDacl","IsInherited":false,"PrincipalSID":"S-1-5-21-869274314-617756249-1315724796-519","PrincipalType":"Group"},{"RightName":"WriteOwner","IsInherited":false,"PrincipalSID":"S-1-5-21-869274314-617756249-1315724796-519","PrincipalType":"Group"},{"RightName":"GenericWrite","IsInherited":false,"PrincipalSID":"S-1-5-21-869274314-617756249-1315724796-519","PrincipalType":"Group"}],"IsDeleted":false,"IsACLProtected":true},{"Properties":{"description":null,"whencreated":1751473049,"gpcpath":"\\\\RICHMONDPHARMACOLOGY.LOCAL\\SYSVOL\\RICHMONDPHARMACOLOGY.LOCAL\\POLICIES\\{4D9D1011-BD2B-4041-A2C0-A57DB3996750}","name":"DEPLOY THREATSPIKE AGENT@RICHMONDPHARMACOLOGY.LOCAL","domainsid":"null","domain":"RICHMONDPHARMACOLOGY.LOCAL","distinguishedname":"CN={4D9D1011-BD2B-4041-A2C0-A57DB3996750},CN=POLICIES,CN=SYSTEM,DC=RICHMONDPHARMACOLOGY,DC=LOCAL","highvalue":false},"ObjectIdentifier":"524BD20E-68C1-4A0E-A808-0E23EF648841","Aces":[{"RightName":"Owns","IsInherited":false,"PrincipalSID":"S-1-5-21-869274314-617756249-1315724796-512","PrincipalType":"Group"},{"RightName":"WriteDacl","IsInherited":false,"PrincipalSID":"S-1-5-21-869274314-617756249-1315724796-512","PrincipalType":"Group"},{"RightName":"WriteOwner","IsInherited":false,"PrincipalSID":"S-1-5-21-869274314-617756249-1315724796-512","PrincipalType":"Group"},{"RightName":"GenericWrite","IsInherited":false,"PrincipalSID":"S-1-5-21-869274314-617756249-1315724796-512","PrincipalType":"Group"},{"RightName":"WriteDacl","IsInherited":false,"PrincipalSID":"S-1-5-21-869274314-617756249-1315724796-519","PrincipalType":"Group"},{"RightName":"WriteOwner","IsInherited":false,"PrincipalSID":"S-1-5-21-869274314-617756249-1315724796-519","PrincipalType":"Group"},{"RightName":"GenericWrite","IsInherited":false,"PrincipalSID":"S-1-5-21-869274314-617756249-1315724796-519","PrincipalType":"Group"}],"IsDeleted":false,"IsACLProtected":true}],"meta":{"methods":0,"type":"gpos","count":45,"version":5}}