{"data":[{"ObjectIdentifier": "2CB52906-2766-4C60-9370-111E4DD4732F", "Properties": {"domain": "SGM-FX.COM", "name": "WMIGPO@SGM-FX.COM", "distinguishedname": "CN=WMIGPO,CN=WMIPOLICY,CN=SYSTEM,DC=SGM-FX,DC=COM", "domainsid": "S-1-5-21-1997373674-3732296793-244282209", "highvalue": false, "description": "", "whencreated": 1069680783}, "IsDeleted": false, "IsACLProtected": false, "Aces": [{"RightName": "Owns", "IsInherited": false, "PrincipalSID": "S-1-5-21-1997373674-3732296793-244282209-512", "PrincipalType": "Group"}, {"RightName": "WriteOwner", "IsInherited": false, "PrincipalSID": "S-1-5-21-1997373674-3732296793-244282209-512", "PrincipalType": "Group"}, {"RightName": "WriteDacl", "IsInherited": false, "PrincipalSID": "S-1-5-21-1997373674-3732296793-244282209-512", "PrincipalType": "Group"}, {"RightName": "GenericAll", "IsInherited": true, "PrincipalSID": "S-1-5-21-1997373674-3732296793-244282209-512", "PrincipalType": "Group"}, {"RightName": "GenericAll", "IsInherited": true, "PrincipalSID": "S-1-5-21-1997373674-3732296793-244282209-519", "PrincipalType": "Group"}], "ChildObjects": []},{"ObjectIdentifier": "3A832F95-8F4A-4436-821E-21EBF2EA3C0B", "Properties": {"domain": "SGM-FX.COM", "name": "PUSHEDPRINTERCONNECTIONS@SGM-FX.COM", "distinguishedname": "CN=PUSHEDPRINTERCONNECTIONS,CN=MACHINE,CN={84DC4F1F-F248-476D-9D38-0154B54CB758},CN=POLICIES,CN=SYSTEM,DC=SGM-FX,DC=COM", "domainsid": "S-1-5-21-1997373674-3732296793-244282209", "highvalue": false, "description": "", "whencreated": 1553083382}, "IsDeleted": false, "IsACLProtected": false, "Aces": [{"RightName": "Owns", "IsInherited": false, "PrincipalSID": "S-1-5-21-1997373674-3732296793-244282209-512", "PrincipalType": "Group"}, {"RightName": "GenericAll", "IsInherited": false, "PrincipalSID": "S-1-5-21-1997373674-3732296793-244282209-512", "PrincipalType": "Group"}, {"RightName": "WriteOwner", "IsInherited": true, "PrincipalSID": "S-1-5-21-1997373674-3732296793-244282209-512", "PrincipalType": "Group"}, {"RightName": "WriteDacl", "IsInherited": true, "PrincipalSID": "S-1-5-21-1997373674-3732296793-244282209-512", "PrincipalType": "Group"}, {"RightName": "WriteOwner", "IsInherited": true, "PrincipalSID": "S-1-5-21-1997373674-3732296793-244282209-519", "PrincipalType": "Group"}, {"RightName": "WriteDacl", "IsInherited": true, "PrincipalSID": "S-1-5-21-1997373674-3732296793-244282209-519", "PrincipalType": "Group"}], "ChildObjects": []},{"ObjectIdentifier": "40E1E95D-D698-4C84-B0F9-9D461554A012", "Properties": {"domain": "SGM-FX.COM", "name": "POLICYTYPE@SGM-FX.COM", "distinguishedname": "CN=POLICYTYPE,CN=WMIPOLICY,CN=SYSTEM,DC=SGM-FX,DC=COM", "domainsid": "S-1-5-21-1997373674-3732296793-244282209", "highvalue": false, "description": "", "whencreated": 1069680783}, "IsDeleted": false, "IsACLProtected": false, "Aces": [{"RightName": "Owns", "IsInherited": false, "PrincipalSID": "S-1-5-21-1997373674-3732296793-244282209-512", "PrincipalType": "Group"}, {"RightName": "WriteOwner", "IsInherited": false, "PrincipalSID": "S-1-5-21-1997373674-3732296793-244282209-512", "PrincipalType": "Group"}, {"RightName": "WriteDacl", "IsInherited": false, "PrincipalSID": "S-1-5-21-1997373674-3732296793-244282209-512", "PrincipalType": "Group"}, {"RightName": "GenericAll", "IsInherited": true, "PrincipalSID": "S-1-5-21-1997373674-3732296793-244282209-512", "PrincipalType": "Group"}, {"RightName": "GenericAll", "IsInherited": true, "PrincipalSID": "S-1-5-21-1997373674-3732296793-244282209-519", "PrincipalType": "Group"}], "ChildObjects": []},{"ObjectIdentifier": "0A28BE4D-3839-4CC1-A3E4-3B79D9E8349F", "Properties": {"domain": "SGM-FX.COM", "name": "SOM@SGM-FX.COM", "distinguishedname": "CN=SOM,CN=WMIPOLICY,CN=SYSTEM,DC=SGM-FX,DC=COM", "domainsid": "S-1-5-21-1997373674-3732296793-244282209", "highvalue": false, "description": "", "whencreated": 1069680783}, "IsDeleted": false, "IsACLProtected": true, "Aces": [{"RightName": "Owns", "IsInherited": false, "PrincipalSID": "S-1-5-21-1997373674-3732296793-244282209-512", "PrincipalType": "Group"}, {"RightName": "GenericAll", "IsInherited": false, "PrincipalSID": "S-1-5-21-1997373674-3732296793-244282209-512", "PrincipalType": "Group"}, {"RightName": "GenericAll", "IsInherited": false, "PrincipalSID": "S-1-5-21-1997373674-3732296793-244282209-519", "PrincipalType": "Group"}], "ChildObjects": []},{"ObjectIdentifier": "015765BE-9047-4A82-840C-A596404B7741", "Properties": {"domain": "SGM-FX.COM", "name": "POLICYTEMPLATE@SGM-FX.COM", "distinguishedname": "CN=POLICYTEMPLATE,CN=WMIPOLICY,CN=SYSTEM,DC=SGM-FX,DC=COM", "domainsid": "S-1-5-21-1997373674-3732296793-244282209", "highvalue": false, "description": "", "whencreated": 1069680783}, "IsDeleted": false, "IsACLProtected": false, "Aces": [{"RightName": "Owns", "IsInherited": false, "PrincipalSID": "S-1-5-21-1997373674-3732296793-244282209-512", "PrincipalType": "Group"}, {"RightName": "WriteOwner", "IsInherited": false, "PrincipalSID": "S-1-5-21-1997373674-3732296793-244282209-512", "PrincipalType": "Group"}, {"RightName": "WriteDacl", "IsInherited": false, "PrincipalSID": "S-1-5-21-1997373674-3732296793-244282209-512", "PrincipalType": "Group"}, {"RightName": "GenericAll", "IsInherited": true, "PrincipalSID": "S-1-5-21-1997373674-3732296793-244282209-512", "PrincipalType": "Group"}, {"RightName": "GenericAll", "IsInherited": true, "PrincipalSID": "S-1-5-21-1997373674-3732296793-244282209-519", "PrincipalType": "Group"}], "ChildObjects": []},{"ObjectIdentifier": "6BB63FF2-AB8F-4F28-9E5A-AD4C07735ECE", "Properties": {"domain": "SGM-FX.COM", "name": "WMIPOLICY@SGM-FX.COM", "distinguishedname": "CN=WMIPOLICY,CN=SYSTEM,DC=SGM-FX,DC=COM", "domainsid": "S-1-5-21-1997373674-3732296793-244282209", "highvalue": false, "description": "", "whencreated": 1069680783}, "IsDeleted": false, "IsACLProtected": true, "Aces": [{"RightName": "Owns", "IsInherited": false, "PrincipalSID": "S-1-5-21-1997373674-3732296793-244282209-512", "PrincipalType": "Group"}, {"RightName": "GenericAll", "IsInherited": false, "PrincipalSID": "S-1-5-21-1997373674-3732296793-244282209-512", "PrincipalType": "Group"}, {"RightName": "GenericAll", "IsInherited": false, "PrincipalSID": "S-1-5-21-1997373674-3732296793-244282209-519", "PrincipalType": "Group"}], "ChildObjects": []},{"ObjectIdentifier": "541B9EF9-0210-4ED8-83D3-88648E2DE144", "Properties": {"domain": "SGM-FX.COM", "name": "ADMINSDHOLDER@SGM-FX.COM", "distinguishedname": "CN=ADMINSDHOLDER,CN=SYSTEM,DC=SGM-FX,DC=COM", "domainsid": "S-1-5-21-1997373674-3732296793-244282209", "highvalue": false, "description": "", "whencreated": 1069680783}, "IsDeleted": false, "IsACLProtected": true, "Aces": [{"RightName": "Owns", "IsInherited": false, "PrincipalSID": "S-1-5-21-1997373674-3732296793-244282209-512", "PrincipalType": "Group"}, {"RightName": "WriteOwner", "IsInherited": false, "PrincipalSID": "S-1-5-21-1997373674-3732296793-244282209-512", "PrincipalType": "Group"}, {"RightName": "WriteDacl", "IsInherited": false, "PrincipalSID": "S-1-5-21-1997373674-3732296793-244282209-512", "PrincipalType": "Group"}, {"RightName": "WriteOwner", "IsInherited": false, "PrincipalSID": "S-1-5-21-1997373674-3732296793-244282209-519", "PrincipalType": "Group"}, {"RightName": "WriteDacl", "IsInherited": false, "PrincipalSID": "S-1-5-21-1997373674-3732296793-244282209-519", "PrincipalType": "Group"}, {"RightName": "WriteOwner", "IsInherited": false, "PrincipalSID": "SGM-FX.COM-S-1-5-32-544", "PrincipalType": "Group"}, {"RightName": "WriteDacl", "IsInherited": false, "PrincipalSID": "SGM-FX.COM-S-1-5-32-544", "PrincipalType": "Group"}], "ChildObjects": []},{"ObjectIdentifier": "7D830604-E7B9-4461-9846-AA6BA354D66B", "Properties": {"domain": "SGM-FX.COM", "name": "COMPARTITIONSETS@SGM-FX.COM", "distinguishedname": "CN=COMPARTITIONSETS,CN=SYSTEM,DC=SGM-FX,DC=COM", "domainsid": "S-1-5-21-1997373674-3732296793-244282209", "highvalue": false, "description": "", "whencreated": 1069680783}, "IsDeleted": false, "IsACLProtected": false, "Aces": [{"RightName": "Owns", "IsInherited": false, "PrincipalSID": "S-1-5-21-1997373674-3732296793-244282209-512", "PrincipalType": "Group"}, {"RightName": "WriteOwner", "IsInherited": false, "PrincipalSID": "S-1-5-21-1997373674-3732296793-244282209-512", "PrincipalType": "Group"}, {"RightName": "WriteDacl", "IsInherited": false, "PrincipalSID": "S-1-5-21-1997373674-3732296793-244282209-512", "PrincipalType": "Group"}, {"RightName": "GenericAll", "IsInherited": true, "PrincipalSID": "S-1-5-21-1997373674-3732296793-244282209-519", "PrincipalType": "Group"}, {"RightName": "WriteOwner", "IsInherited": true, "PrincipalSID": "SGM-FX.COM-S-1-5-32-544", "PrincipalType": "Group"}, {"RightName": "WriteDacl", "IsInherited": true, "PrincipalSID": "SGM-FX.COM-S-1-5-32-544", "PrincipalType": "Group"}], "ChildObjects": []},{"ObjectIdentifier": "33628BCC-FD26-4112-8FC6-2BBAFAAEEFA9", "Properties": {"domain": "SGM-FX.COM", "name": "COMPARTITIONS@SGM-FX.COM", "distinguishedname": "CN=COMPARTITIONS,CN=SYSTEM,DC=SGM-FX,DC=COM", "domainsid": "S-1-5-21-1997373674-3732296793-244282209", "highvalue": false, "description": "", "whencreated": 1069680783}, "IsDeleted": false, "IsACLProtected": false, "Aces": [{"RightName": "Owns", "IsInherited": false, "PrincipalSID": "S-1-5-21-1997373674-3732296793-244282209-512", "PrincipalType": "Group"}, {"RightName": "WriteOwner", "IsInherited": false, "PrincipalSID": "S-1-5-21-1997373674-3732296793-244282209-512", "PrincipalType": "Group"}, {"RightName": "WriteDacl", "IsInherited": false, "PrincipalSID": "S-1-5-21-1997373674-3732296793-244282209-512", "PrincipalType": "Group"}, {"RightName": "GenericAll", "IsInherited": true, "PrincipalSID": "S-1-5-21-1997373674-3732296793-244282209-519", "PrincipalType": "Group"}, {"RightName": "WriteOwner", "IsInherited": true, "PrincipalSID": "SGM-FX.COM-S-1-5-32-544", "PrincipalType": "Group"}, {"RightName": "WriteDacl", "IsInherited": true, "PrincipalSID": "SGM-FX.COM-S-1-5-32-544", "PrincipalType": "Group"}], "ChildObjects": []},{"ObjectIdentifier": "04B8BD37-FF2C-4CEF-85EC-9357BBF1515B", "Properties": {"domain": "SGM-FX.COM", "name": "POLICIES@SGM-FX.COM", "distinguishedname": "CN=POLICIES,CN=SYSTEM,DC=SGM-FX,DC=COM", "domainsid": "S-1-5-21-1997373674-3732296793-244282209", "highvalue": false, "description": "", "whencreated": 1069680783}, "IsDeleted": false, "IsACLProtected": false, "Aces": [{"RightName": "Owns", "IsInherited": false, "PrincipalSID": "S-1-5-21-1997373674-3732296793-244282209-512", "PrincipalType": "Group"}, {"RightName": "WriteOwner", "IsInherited": false, "PrincipalSID": "S-1-5-21-1997373674-3732296793-244282209-512", "PrincipalType": "Group"}, {"RightName": "WriteDacl", "IsInherited": false, "PrincipalSID": "S-1-5-21-1997373674-3732296793-244282209-512", "PrincipalType": "Group"}, {"RightName": "GenericAll", "IsInherited": true, "PrincipalSID": "S-1-5-21-1997373674-3732296793-244282209-519", "PrincipalType": "Group"}, {"RightName": "WriteOwner", "IsInherited": true, "PrincipalSID": "SGM-FX.COM-S-1-5-32-544", "PrincipalType": "Group"}, {"RightName": "WriteDacl", "IsInherited": true, "PrincipalSID": "SGM-FX.COM-S-1-5-32-544", "PrincipalType": "Group"}], "ChildObjects": []},{"ObjectIdentifier": "87F33A99-55C5-4033-BBEA-B1D5AF3D4240", "Properties": {"domain": "SGM-FX.COM", "name": "MEETINGS@SGM-FX.COM", "distinguishedname": "CN=MEETINGS,CN=SYSTEM,DC=SGM-FX,DC=COM", "domainsid": "S-1-5-21-1997373674-3732296793-244282209", "highvalue": false, "description": "", "whencreated": 1069680782}, "IsDeleted": false, "IsACLProtected": false, "Aces": [{"RightName": "Owns", "IsInherited": false, "PrincipalSID": "S-1-5-21-1997373674-3732296793-244282209-512", "PrincipalType": "Group"}, {"RightName": "WriteOwner", "IsInherited": false, "PrincipalSID": "S-1-5-21-1997373674-3732296793-244282209-512", "PrincipalType": "Group"}, {"RightName": "WriteDacl", "IsInherited": false, "PrincipalSID": "S-1-5-21-1997373674-3732296793-244282209-512", "PrincipalType": "Group"}, {"RightName": "GenericAll", "IsInherited": true, "PrincipalSID": "S-1-5-21-1997373674-3732296793-244282209-519", "PrincipalType": "Group"}, {"RightName": "WriteOwner", "IsInherited": true, "PrincipalSID": "SGM-FX.COM-S-1-5-32-544", "PrincipalType": "Group"}, {"RightName": "WriteDacl", "IsInherited": true, "PrincipalSID": "SGM-FX.COM-S-1-5-32-544", "PrincipalType": "Group"}], "ChildObjects": []},{"ObjectIdentifier": "C56CBC99-9081-4747-816A-89D66F36FC65", "Properties": {"domain": "SGM-FX.COM", "name": "WINSOCKSERVICES@SGM-FX.COM", "distinguishedname": "CN=WINSOCKSERVICES,CN=SYSTEM,DC=SGM-FX,DC=COM", "domainsid": "S-1-5-21-1997373674-3732296793-244282209", "highvalue": false, "description": "", "whencreated": 1069680782}, "IsDeleted": false, "IsACLProtected": false, "Aces": [{"RightName": "Owns", "IsInherited": false, "PrincipalSID": "S-1-5-21-1997373674-3732296793-244282209-512", "PrincipalType": "Group"}, {"RightName": "WriteOwner", "IsInherited": false, "PrincipalSID": "S-1-5-21-1997373674-3732296793-244282209-512", "PrincipalType": "Group"}, {"RightName": "WriteDacl", "IsInherited": false, "PrincipalSID": "S-1-5-21-1997373674-3732296793-244282209-512", "PrincipalType": "Group"}, {"RightName": "GenericAll", "IsInherited": true, "PrincipalSID": "S-1-5-21-1997373674-3732296793-244282209-519", "PrincipalType": "Group"}, {"RightName": "WriteOwner", "IsInherited": true, "PrincipalSID": "SGM-FX.COM-S-1-5-32-544", "PrincipalType": "Group"}, {"RightName": "WriteDacl", "IsInherited": true, "PrincipalSID": "SGM-FX.COM-S-1-5-32-544", "PrincipalType": "Group"}], "ChildObjects": []},{"ObjectIdentifier": "0D9E78C4-DEDF-4801-AC25-0D709E21E370", "Properties": {"domain": "SGM-FX.COM", "name": "MANAGED SERVICE ACCOUNTS@SGM-FX.COM", "distinguishedname": "CN=MANAGED SERVICE ACCOUNTS,DC=SGM-FX,DC=COM", "domainsid": "S-1-5-21-1997373674-3732296793-244282209", "highvalue": false, "description": "Default container for managed service accounts.", "whencreated": 1353845628}, "IsDeleted": false, "IsACLProtected": false, "Aces": [{"RightName": "Owns", "IsInherited": false, "PrincipalSID": "S-1-5-21-1997373674-3732296793-244282209-512", "PrincipalType": "Group"}, {"RightName": "WriteOwner", "IsInherited": false, "PrincipalSID": "S-1-5-21-1997373674-3732296793-244282209-512", "PrincipalType": "Group"}, {"RightName": "WriteDacl", "IsInherited": false, "PrincipalSID": "S-1-5-21-1997373674-3732296793-244282209-512", "PrincipalType": "Group"}, {"RightName": "GenericAll", "IsInherited": true, "PrincipalSID": "S-1-5-21-1997373674-3732296793-244282209-519", "PrincipalType": "Group"}, {"RightName": "WriteOwner", "IsInherited": true, "PrincipalSID": "SGM-FX.COM-S-1-5-32-544", "PrincipalType": "Group"}, {"RightName": "WriteDacl", "IsInherited": true, "PrincipalSID": "SGM-FX.COM-S-1-5-32-544", "PrincipalType": "Group"}], "ChildObjects": []},{"ObjectIdentifier": "9C9CC0B8-9DEC-4512-812F-74DC1C89671F", "Properties": {"domain": "SGM-FX.COM", "name": "MICROSOFT@SGM-FX.COM", "distinguishedname": "CN=MICROSOFT,CN=PROGRAM DATA,DC=SGM-FX,DC=COM", "domainsid": "S-1-5-21-1997373674-3732296793-244282209", "highvalue": false, "description": "Default location for storage of Microsoft application data.", "whencreated": 1069680783}, "IsDeleted": false, "IsACLProtected": false, "Aces": [{"RightName": "Owns", "IsInherited": false, "PrincipalSID": "S-1-5-21-1997373674-3732296793-244282209-512", "PrincipalType": "Group"}, {"RightName": "GenericAll", "IsInherited": false, "PrincipalSID": "S-1-5-21-1997373674-3732296793-244282209-512", "PrincipalType": "Group"}, {"RightName": "GenericAll", "IsInherited": true, "PrincipalSID": "S-1-5-21-1997373674-3732296793-244282209-519", "PrincipalType": "Group"}, {"RightName": "WriteOwner", "IsInherited": true, "PrincipalSID": "SGM-FX.COM-S-1-5-32-544", "PrincipalType": "Group"}, {"RightName": "WriteDacl", "IsInherited": true, "PrincipalSID": "SGM-FX.COM-S-1-5-32-544", "PrincipalType": "Group"}], "ChildObjects": []},{"ObjectIdentifier": "6754C136-C16B-4197-A4D9-CFB3CC0076F8", "Properties": {"domain": "SGM-FX.COM", "name": "PROGRAM DATA@SGM-FX.COM", "distinguishedname": "CN=PROGRAM DATA,DC=SGM-FX,DC=COM", "domainsid": "S-1-5-21-1997373674-3732296793-244282209", "highvalue": false, "description": "Default location for storage of application data.", "whencreated": 1069680783}, "IsDeleted": false, "IsACLProtected": false, "Aces": [{"RightName": "Owns", "IsInherited": false, "PrincipalSID": "S-1-5-21-1997373674-3732296793-244282209-512", "PrincipalType": "Group"}, {"RightName": "GenericAll", "IsInherited": false, "PrincipalSID": "S-1-5-21-1997373674-3732296793-244282209-512", "PrincipalType": "Group"}, {"RightName": "GenericAll", "IsInherited": true, "PrincipalSID": "S-1-5-21-1997373674-3732296793-244282209-519", "PrincipalType": "Group"}, {"RightName": "WriteOwner", "IsInherited": true, "PrincipalSID": "SGM-FX.COM-S-1-5-32-544", "PrincipalType": "Group"}, {"RightName": "WriteDacl", "IsInherited": true, "PrincipalSID": "SGM-FX.COM-S-1-5-32-544", "PrincipalType": "Group"}], "ChildObjects": []},{"ObjectIdentifier": "ADB5DC0D-D50B-414C-B515-63B45E9E2C0F", "Properties": {"domain": "SGM-FX.COM", "name": "FOREIGNSECURITYPRINCIPALS@SGM-FX.COM", "distinguishedname": "CN=FOREIGNSECURITYPRINCIPALS,DC=SGM-FX,DC=COM", "domainsid": "S-1-5-21-1997373674-3732296793-244282209", "highvalue": false, "description": "Default container for security identifiers (SIDs) associated with objects from external, trusted domains", "whencreated": 1069680783}, "IsDeleted": false, "IsACLProtected": false, "Aces": [{"RightName": "Owns", "IsInherited": false, "PrincipalSID": "S-1-5-21-1997373674-3732296793-244282209-512", "PrincipalType": "Group"}, {"RightName": "GenericAll", "IsInherited": false, "PrincipalSID": "S-1-5-21-1997373674-3732296793-244282209-512", "PrincipalType": "Group"}, {"RightName": "GenericAll", "IsInherited": true, "PrincipalSID": "S-1-5-21-1997373674-3732296793-244282209-519", "PrincipalType": "Group"}, {"RightName": "WriteOwner", "IsInherited": true, "PrincipalSID": "SGM-FX.COM-S-1-5-32-544", "PrincipalType": "Group"}, {"RightName": "WriteDacl", "IsInherited": true, "PrincipalSID": "SGM-FX.COM-S-1-5-32-544", "PrincipalType": "Group"}], "ChildObjects": []},{"ObjectIdentifier": "B6FF2DE4-F252-4CA9-9446-73DBA8FDED46", "Properties": {"domain": "SGM-FX.COM", "name": "SYSTEM@SGM-FX.COM", "distinguishedname": "CN=SYSTEM,DC=SGM-FX,DC=COM", "domainsid": "S-1-5-21-1997373674-3732296793-244282209", "highvalue": false, "description": "Builtin system settings", "whencreated": 1069680782}, "IsDeleted": false, "IsACLProtected": false, "Aces": [{"RightName": "Owns", "IsInherited": false, "PrincipalSID": "S-1-5-21-1997373674-3732296793-244282209-512", "PrincipalType": "Group"}, {"RightName": "WriteOwner", "IsInherited": false, "PrincipalSID": "S-1-5-21-1997373674-3732296793-244282209-512", "PrincipalType": "Group"}, {"RightName": "WriteDacl", "IsInherited": false, "PrincipalSID": "S-1-5-21-1997373674-3732296793-244282209-512", "PrincipalType": "Group"}, {"RightName": "GenericAll", "IsInherited": true, "PrincipalSID": "S-1-5-21-1997373674-3732296793-244282209-519", "PrincipalType": "Group"}, {"RightName": "WriteOwner", "IsInherited": true, "PrincipalSID": "SGM-FX.COM-S-1-5-32-544", "PrincipalType": "Group"}, {"RightName": "WriteDacl", "IsInherited": true, "PrincipalSID": "SGM-FX.COM-S-1-5-32-544", "PrincipalType": "Group"}], "ChildObjects": []},{"ObjectIdentifier": "0F061F75-D6A4-4826-8C27-4224952CAF9E", "Properties": {"domain": "SGM-FX.COM", "name": "COMPUTERS@SGM-FX.COM", "distinguishedname": "CN=COMPUTERS,DC=SGM-FX,DC=COM", "domainsid": "S-1-5-21-1997373674-3732296793-244282209", "highvalue": false, "description": "Default container for upgraded computer accounts", "whencreated": 1069680782}, "IsDeleted": false, "IsACLProtected": false, "Aces": [{"RightName": "Owns", "IsInherited": false, "PrincipalSID": "S-1-5-21-1997373674-3732296793-244282209-512", "PrincipalType": "Group"}, {"RightName": "WriteOwner", "IsInherited": false, "PrincipalSID": "S-1-5-21-1997373674-3732296793-244282209-512", "PrincipalType": "Group"}, {"RightName": "WriteDacl", "IsInherited": false, "PrincipalSID": "S-1-5-21-1997373674-3732296793-244282209-512", "PrincipalType": "Group"}, {"RightName": "GenericAll", "IsInherited": true, "PrincipalSID": "S-1-5-21-1997373674-3732296793-244282209-519", "PrincipalType": "Group"}, {"RightName": "WriteOwner", "IsInherited": true, "PrincipalSID": "SGM-FX.COM-S-1-5-32-544", "PrincipalType": "Group"}, {"RightName": "WriteDacl", "IsInherited": true, "PrincipalSID": "SGM-FX.COM-S-1-5-32-544", "PrincipalType": "Group"}], "ChildObjects": [{"ObjectIdentifier": "S-1-5-21-1997373674-3732296793-244282209-2226", "ObjectType": "Computer"}, {"ObjectIdentifier": "S-1-5-21-1997373674-3732296793-244282209-1720", "ObjectType": "Computer"}]},{"ObjectIdentifier": "64DB08A4-7592-4884-B34D-E033CE60068D", "Properties": {"domain": "SGM-FX.COM", "name": "USERS@SGM-FX.COM", "distinguishedname": "CN=USERS,DC=SGM-FX,DC=COM", "domainsid": "S-1-5-21-1997373674-3732296793-244282209", "highvalue": false, "description": "Default container for upgraded user accounts", "whencreated": 1069680782}, "IsDeleted": false, "IsACLProtected": false, "Aces": [{"RightName": "Owns", "IsInherited": false, "PrincipalSID": "S-1-5-21-1997373674-3732296793-244282209-512", "PrincipalType": "Group"}, {"RightName": "WriteOwner", "IsInherited": false, "PrincipalSID": "S-1-5-21-1997373674-3732296793-244282209-512", "PrincipalType": "Group"}, {"RightName": "WriteDacl", "IsInherited": false, "PrincipalSID": "S-1-5-21-1997373674-3732296793-244282209-512", "PrincipalType": "Group"}, {"RightName": "GenericAll", "IsInherited": true, "PrincipalSID": "S-1-5-21-1997373674-3732296793-244282209-519", "PrincipalType": "Group"}, {"RightName": "WriteOwner", "IsInherited": true, "PrincipalSID": "SGM-FX.COM-S-1-5-32-544", "PrincipalType": "Group"}, {"RightName": "WriteDacl", "IsInherited": true, "PrincipalSID": "SGM-FX.COM-S-1-5-32-544", "PrincipalType": "Group"}], "ChildObjects": [{"ObjectIdentifier": "S-1-5-21-1997373674-3732296793-244282209-1006", "ObjectType": "Group"}, {"ObjectIdentifier": "S-1-5-21-1997373674-3732296793-244282209-2133", "ObjectType": "Group"}, {"ObjectIdentifier": "S-1-5-21-1997373674-3732296793-244282209-1125", "ObjectType": "User"}, {"ObjectIdentifier": "S-1-5-21-1997373674-3732296793-244282209-2152", "ObjectType": "User"}, {"ObjectIdentifier": "S-1-5-21-1997373674-3732296793-244282209-1005", "ObjectType": "Group"}, {"ObjectIdentifier": "S-1-5-21-1997373674-3732296793-244282209-1004", "ObjectType": "User"}, {"ObjectIdentifier": "S-1-5-21-1997373674-3732296793-244282209-1132", "ObjectType": "Group"}, {"ObjectIdentifier": "S-1-5-21-1997373674-3732296793-244282209-2637", "ObjectType": "Group"}, {"ObjectIdentifier": "S-1-5-21-1997373674-3732296793-244282209-518", "ObjectType": "Group"}, {"ObjectIdentifier": "S-1-5-21-1997373674-3732296793-244282209-521", "ObjectType": "Group"}, {"ObjectIdentifier": "S-1-5-21-1997373674-3732296793-244282209-553", "ObjectType": "Group"}, {"ObjectIdentifier": "S-1-5-21-1997373674-3732296793-244282209-525", "ObjectType": "Group"}, {"ObjectIdentifier": "S-1-5-21-1997373674-3732296793-244282209-1126", "ObjectType": "User"}, {"ObjectIdentifier": "S-1-5-21-1997373674-3732296793-244282209-1124", "ObjectType": "User"}, {"ObjectIdentifier": "S-1-5-21-1997373674-3732296793-244282209-2690", "ObjectType": "User"}, {"ObjectIdentifier": "S-1-5-21-1997373674-3732296793-244282209-502", "ObjectType": "User"}, {"ObjectIdentifier": "S-1-5-21-1997373674-3732296793-244282209-526", "ObjectType": "Group"}, {"ObjectIdentifier": "S-1-5-21-1997373674-3732296793-244282209-1001", "ObjectType": "User"}, {"ObjectIdentifier": "S-1-5-21-1997373674-3732296793-244282209-1610", "ObjectType": "User"}, {"ObjectIdentifier": "S-1-5-21-1997373674-3732296793-244282209-1000", "ObjectType": "User"}, {"ObjectIdentifier": "S-1-5-21-1997373674-3732296793-244282209-1611", "ObjectType": "User"}, {"ObjectIdentifier": "S-1-5-21-1997373674-3732296793-244282209-1002", "ObjectType": "Group"}, {"ObjectIdentifier": "S-1-5-21-1997373674-3732296793-244282209-1003", "ObjectType": "Group"}, {"ObjectIdentifier": "S-1-5-21-1997373674-3732296793-244282209-2113", "ObjectType": "Group"}, {"ObjectIdentifier": "S-1-5-21-1997373674-3732296793-244282209-501", "ObjectType": "User"}, {"ObjectIdentifier": "S-1-5-21-1997373674-3732296793-244282209-520", "ObjectType": "Group"}, {"ObjectIdentifier": "S-1-5-21-1997373674-3732296793-244282209-1131", "ObjectType": "Group"}, {"ObjectIdentifier": "S-1-5-21-1997373674-3732296793-244282209-1130", "ObjectType": "Group"}, {"ObjectIdentifier": "S-1-5-21-1997373674-3732296793-244282209-498", "ObjectType": "Group"}, {"ObjectIdentifier": "S-1-5-21-1997373674-3732296793-244282209-527", "ObjectType": "Group"}, {"ObjectIdentifier": "S-1-5-21-1997373674-3732296793-244282209-519", "ObjectType": "Group"}, {"ObjectIdentifier": "S-1-5-21-1997373674-3732296793-244282209-513", "ObjectType": "Group"}, {"ObjectIdentifier": "S-1-5-21-1997373674-3732296793-244282209-514", "ObjectType": "Group"}, {"ObjectIdentifier": "S-1-5-21-1997373674-3732296793-244282209-516", "ObjectType": "Group"}, {"ObjectIdentifier": "S-1-5-21-1997373674-3732296793-244282209-515", "ObjectType": "Group"}, {"ObjectIdentifier": "S-1-5-21-1997373674-3732296793-244282209-512", "ObjectType": "Group"}, {"ObjectIdentifier": "S-1-5-21-1997373674-3732296793-244282209-1111", "ObjectType": "Group"}, {"ObjectIdentifier": "S-1-5-21-1997373674-3732296793-244282209-1110", "ObjectType": "Group"}, {"ObjectIdentifier": "S-1-5-21-1997373674-3732296793-244282209-2142", "ObjectType": "User"}, {"ObjectIdentifier": "S-1-5-21-1997373674-3732296793-244282209-1007", "ObjectType": "Group"}, {"ObjectIdentifier": "S-1-5-21-1997373674-3732296793-244282209-1008", "ObjectType": "Group"}, {"ObjectIdentifier": "S-1-5-21-1997373674-3732296793-244282209-572", "ObjectType": "Group"}, {"ObjectIdentifier": "S-1-5-21-1997373674-3732296793-244282209-522", "ObjectType": "Group"}, {"ObjectIdentifier": "S-1-5-21-1997373674-3732296793-244282209-517", "ObjectType": "Group"}, {"ObjectIdentifier": "S-1-5-21-1997373674-3732296793-244282209-1623", "ObjectType": "User"}, {"ObjectIdentifier": "S-1-5-21-1997373674-3732296793-244282209-1617", "ObjectType": "User"}, {"ObjectIdentifier": "S-1-5-21-1997373674-3732296793-244282209-1618", "ObjectType": "User"}, {"ObjectIdentifier": "S-1-5-21-1997373674-3732296793-244282209-571", "ObjectType": "Group"}, {"ObjectIdentifier": "S-1-5-21-1997373674-3732296793-244282209-1127", "ObjectType": "User"}, {"ObjectIdentifier": "S-1-5-21-1997373674-3732296793-244282209-500", "ObjectType": "User"}]}],"meta":{"methods":0,"type":"containers","count":19, "version":5}}