{"data":[{"ObjectIdentifier": "570D98B8-B309-4F2A-AE1B-8EF228BE0F09", "Properties": {"domain": "SGM-FX.COM", "name": "LONDON USERS@SGM-FX.COM", "distinguishedname": "OU=LONDON USERS,OU=SECURITY GROUPS,DC=SGM-FX,DC=COM", "domainsid": "S-1-5-21-1997373674-3732296793-244282209", "highvalue": false, "blocksinheritance": false, "description": null, "whencreated": 1754926424}, "IsDeleted": false, "IsACLProtected": false, "Aces": [{"RightName": "Owns", "IsInherited": false, "PrincipalSID": "S-1-5-21-1997373674-3732296793-244282209-512", "PrincipalType": "Group"}, {"RightName": "GenericAll", "IsInherited": false, "PrincipalSID": "S-1-5-21-1997373674-3732296793-244282209-512", "PrincipalType": "Group"}, {"RightName": "GenericAll", "IsInherited": true, "PrincipalSID": "S-1-5-21-1997373674-3732296793-244282209-519", "PrincipalType": "Group"}, {"RightName": "GenericWrite", "IsInherited": true, "PrincipalSID": "SGM-FX.COM-S-1-5-32-544", "PrincipalType": "Group"}, {"RightName": "WriteOwner", "IsInherited": true, "PrincipalSID": "SGM-FX.COM-S-1-5-32-544", "PrincipalType": "Group"}, {"RightName": "WriteDacl", "IsInherited": true, "PrincipalSID": "SGM-FX.COM-S-1-5-32-544", "PrincipalType": "Group"}], "Links": [], "ChildObjects": [], "GPOChanges": {"AffectedComputers": [], "DcomUsers": [], "LocalAdmins": [], "PSRemoteUsers": [], "RemoteDesktopUsers": []}},{"ObjectIdentifier": "04FE1646-13D3-4580-BD7B-D854A472B965", "Properties": {"domain": "SGM-FX.COM", "name": "ADMINS@SGM-FX.COM", "distinguishedname": "OU=ADMINS,OU=SGM USERS,DC=SGM-FX,DC=COM", "domainsid": "S-1-5-21-1997373674-3732296793-244282209", "highvalue": false, "blocksinheritance": false, "description": null, "whencreated": 1754580943}, "IsDeleted": false, "IsACLProtected": false, "Aces": [{"RightName": "Owns", "IsInherited": false, "PrincipalSID": "S-1-5-21-1997373674-3732296793-244282209-512", "PrincipalType": "Group"}, {"RightName": "GenericAll", "IsInherited": false, "PrincipalSID": "S-1-5-21-1997373674-3732296793-244282209-512", "PrincipalType": "Group"}, {"RightName": "GenericAll", "IsInherited": true, "PrincipalSID": "S-1-5-21-1997373674-3732296793-244282209-519", "PrincipalType": "Group"}, {"RightName": "GenericWrite", "IsInherited": true, "PrincipalSID": "SGM-FX.COM-S-1-5-32-544", "PrincipalType": "Group"}, {"RightName": "WriteOwner", "IsInherited": true, "PrincipalSID": "SGM-FX.COM-S-1-5-32-544", "PrincipalType": "Group"}, {"RightName": "WriteDacl", "IsInherited": true, "PrincipalSID": "SGM-FX.COM-S-1-5-32-544", "PrincipalType": "Group"}], "Links": [], "ChildObjects": [{"ObjectIdentifier": "S-1-5-21-1997373674-3732296793-244282209-2689", "ObjectType": "User"}, {"ObjectIdentifier": "S-1-5-21-1997373674-3732296793-244282209-2688", "ObjectType": "User"}], "GPOChanges": {"AffectedComputers": [], "DcomUsers": [], "LocalAdmins": [], "PSRemoteUsers": [], "RemoteDesktopUsers": []}},{"ObjectIdentifier": "E98B7E36-5307-4F54-B26A-7AFDDD352AC8", "Properties": {"domain": "SGM-FX.COM", "name": "TEMP WIN11 UPGRADE@SGM-FX.COM", "distinguishedname": "OU=TEMP WIN11 UPGRADE,OU=RESTRICTIONS,OU=SGM COMPUTERS,DC=SGM-FX,DC=COM", "domainsid": "S-1-5-21-1997373674-3732296793-244282209", "highvalue": false, "blocksinheritance": true, "description": null, "whencreated": 1741365240}, "IsDeleted": false, "IsACLProtected": false, "Aces": [{"RightName": "Owns", "IsInherited": false, "PrincipalSID": "S-1-5-21-1997373674-3732296793-244282209-512", "PrincipalType": "Group"}, {"RightName": "GenericAll", "IsInherited": false, "PrincipalSID": "S-1-5-21-1997373674-3732296793-244282209-512", "PrincipalType": "Group"}, {"RightName": "GenericAll", "IsInherited": true, "PrincipalSID": "S-1-5-21-1997373674-3732296793-244282209-519", "PrincipalType": "Group"}, {"RightName": "GenericWrite", "IsInherited": true, "PrincipalSID": "SGM-FX.COM-S-1-5-32-544", "PrincipalType": "Group"}, {"RightName": "WriteOwner", "IsInherited": true, "PrincipalSID": "SGM-FX.COM-S-1-5-32-544", "PrincipalType": "Group"}, {"RightName": "WriteDacl", "IsInherited": true, "PrincipalSID": "SGM-FX.COM-S-1-5-32-544", "PrincipalType": "Group"}], "Links": [{"IsEnforced": false, "GUID": "CB20C88A-0609-4FAA-A54B-FF36AD7B112B"}, {"IsEnforced": false, "GUID": "B4523669-D8B4-4313-A4F8-33CAC16BA52E"}, {"IsEnforced": false, "GUID": "BFE36D8C-399B-4D1F-A405-692F5A86E5FA"}, {"IsEnforced": false, "GUID": "8F4AEE79-53D5-4CF4-A682-25521E857A7F"}, {"IsEnforced": false, "GUID": "27FC7EDD-79D1-4AFD-868C-69A3D23347F7"}, {"IsEnforced": false, "GUID": "2A7E1A2F-28B2-4CD4-A75C-29968C27CA42"}], "ChildObjects": [{"ObjectIdentifier": "S-1-5-21-1997373674-3732296793-244282209-2184", "ObjectType": "Computer"}], "GPOChanges": {"AffectedComputers": [], "DcomUsers": [], "LocalAdmins": [], "PSRemoteUsers": [], "RemoteDesktopUsers": []}},{"ObjectIdentifier": "C5BC63F7-7A98-406D-B106-D612A40E87F3", "Properties": {"domain": "SGM-FX.COM", "name": "DISABLED COMPUTERS@SGM-FX.COM", "distinguishedname": "OU=DISABLED COMPUTERS,OU=SGM COMPUTERS,DC=SGM-FX,DC=COM", "domainsid": "S-1-5-21-1997373674-3732296793-244282209", "highvalue": false, "blocksinheritance": false, "description": null, "whencreated": 1722253769}, "IsDeleted": false, "IsACLProtected": false, "Aces": [{"RightName": "Owns", "IsInherited": false, "PrincipalSID": "S-1-5-21-1997373674-3732296793-244282209-512", "PrincipalType": "Group"}, {"RightName": "GenericAll", "IsInherited": false, "PrincipalSID": "S-1-5-21-1997373674-3732296793-244282209-512", "PrincipalType": "Group"}, {"RightName": "GenericAll", "IsInherited": true, "PrincipalSID": "S-1-5-21-1997373674-3732296793-244282209-519", "PrincipalType": "Group"}, {"RightName": "GenericWrite", "IsInherited": true, "PrincipalSID": "SGM-FX.COM-S-1-5-32-544", "PrincipalType": "Group"}, {"RightName": "WriteOwner", "IsInherited": true, "PrincipalSID": "SGM-FX.COM-S-1-5-32-544", "PrincipalType": "Group"}, {"RightName": "WriteDacl", "IsInherited": true, "PrincipalSID": "SGM-FX.COM-S-1-5-32-544", "PrincipalType": "Group"}], "Links": [], "ChildObjects": [{"ObjectIdentifier": "S-1-5-21-1997373674-3732296793-244282209-1198", "ObjectType": "Computer"}, {"ObjectIdentifier": "S-1-5-21-1997373674-3732296793-244282209-1634", "ObjectType": "Computer"}, {"ObjectIdentifier": "S-1-5-21-1997373674-3732296793-244282209-1191", "ObjectType": "Computer"}, {"ObjectIdentifier": "S-1-5-21-1997373674-3732296793-244282209-1209", "ObjectType": "Computer"}, {"ObjectIdentifier": "S-1-5-21-1997373674-3732296793-244282209-1654", "ObjectType": "Computer"}, {"ObjectIdentifier": "S-1-5-21-1997373674-3732296793-244282209-1632", "ObjectType": "Computer"}, {"ObjectIdentifier": "S-1-5-21-1997373674-3732296793-244282209-1009", "ObjectType": "Computer"}, {"ObjectIdentifier": "S-1-5-21-1997373674-3732296793-244282209-1159", "ObjectType": "Computer"}, {"ObjectIdentifier": "S-1-5-21-1997373674-3732296793-244282209-1713", "ObjectType": "Computer"}, {"ObjectIdentifier": "S-1-5-21-1997373674-3732296793-244282209-2174", "ObjectType": "Computer"}, {"ObjectIdentifier": "S-1-5-21-1997373674-3732296793-244282209-2157", "ObjectType": "Computer"}, {"ObjectIdentifier": "S-1-5-21-1997373674-3732296793-244282209-2154", "ObjectType": "Computer"}, {"ObjectIdentifier": "S-1-5-21-1997373674-3732296793-244282209-2140", "ObjectType": "Computer"}, {"ObjectIdentifier": "S-1-5-21-1997373674-3732296793-244282209-1730", "ObjectType": "Computer"}, {"ObjectIdentifier": "S-1-5-21-1997373674-3732296793-244282209-2130", "ObjectType": "Computer"}, {"ObjectIdentifier": "S-1-5-21-1997373674-3732296793-244282209-1725", "ObjectType": "Computer"}, {"ObjectIdentifier": "S-1-5-21-1997373674-3732296793-244282209-1721", "ObjectType": "Computer"}, {"ObjectIdentifier": "S-1-5-21-1997373674-3732296793-244282209-1642", "ObjectType": "Computer"}, {"ObjectIdentifier": "S-1-5-21-1997373674-3732296793-244282209-1626", "ObjectType": "Computer"}, {"ObjectIdentifier": "S-1-5-21-1997373674-3732296793-244282209-1651", "ObjectType": "Computer"}, {"ObjectIdentifier": "S-1-5-21-1997373674-3732296793-244282209-1233", "ObjectType": "Computer"}, {"ObjectIdentifier": "S-1-5-21-1997373674-3732296793-244282209-1181", "ObjectType": "Computer"}, {"ObjectIdentifier": "S-1-5-21-1997373674-3732296793-244282209-1157", "ObjectType": "Computer"}, {"ObjectIdentifier": "S-1-5-21-1997373674-3732296793-244282209-2159", "ObjectType": "Computer"}, {"ObjectIdentifier": "S-1-5-21-1997373674-3732296793-244282209-2127", "ObjectType": "Computer"}, {"ObjectIdentifier": "S-1-5-21-1997373674-3732296793-244282209-1728", "ObjectType": "Computer"}, {"ObjectIdentifier": "S-1-5-21-1997373674-3732296793-244282209-2116", "ObjectType": "Computer"}, {"ObjectIdentifier": "S-1-5-21-1997373674-3732296793-244282209-1710", "ObjectType": "Computer"}, {"ObjectIdentifier": "S-1-5-21-1997373674-3732296793-244282209-1706", "ObjectType": "Computer"}, {"ObjectIdentifier": "S-1-5-21-1997373674-3732296793-244282209-1698", "ObjectType": "Computer"}, {"ObjectIdentifier": "S-1-5-21-1997373674-3732296793-244282209-1676", "ObjectType": "Computer"}, {"ObjectIdentifier": "S-1-5-21-1997373674-3732296793-244282209-1675", "ObjectType": "Computer"}, {"ObjectIdentifier": "S-1-5-21-1997373674-3732296793-244282209-1674", "ObjectType": "Computer"}, {"ObjectIdentifier": "S-1-5-21-1997373674-3732296793-244282209-1673", "ObjectType": "Computer"}, {"ObjectIdentifier": "S-1-5-21-1997373674-3732296793-244282209-1667", "ObjectType": "Computer"}, {"ObjectIdentifier": "S-1-5-21-1997373674-3732296793-244282209-1666", "ObjectType": "Computer"}, {"ObjectIdentifier": "S-1-5-21-1997373674-3732296793-244282209-2136", "ObjectType": "Computer"}, {"ObjectIdentifier": "S-1-5-21-1997373674-3732296793-244282209-1665", "ObjectType": "Computer"}, {"ObjectIdentifier": "S-1-5-21-1997373674-3732296793-244282209-1660", "ObjectType": "Computer"}, {"ObjectIdentifier": "S-1-5-21-1997373674-3732296793-244282209-1714", "ObjectType": "Computer"}, {"ObjectIdentifier": "S-1-5-21-1997373674-3732296793-244282209-1716", "ObjectType": "Computer"}, {"ObjectIdentifier": "S-1-5-21-1997373674-3732296793-244282209-1702", "ObjectType": "Computer"}, {"ObjectIdentifier": "S-1-5-21-1997373674-3732296793-244282209-1649", "ObjectType": "Computer"}, {"ObjectIdentifier": "S-1-5-21-1997373674-3732296793-244282209-1639", "ObjectType": "Computer"}, {"ObjectIdentifier": "S-1-5-21-1997373674-3732296793-244282209-1214", "ObjectType": "Computer"}, {"ObjectIdentifier": "S-1-5-21-1997373674-3732296793-244282209-1210", "ObjectType": "Computer"}, {"ObjectIdentifier": "S-1-5-21-1997373674-3732296793-244282209-1170", "ObjectType": "Computer"}, {"ObjectIdentifier": "S-1-5-21-1997373674-3732296793-244282209-1160", "ObjectType": "Computer"}, {"ObjectIdentifier": "S-1-5-21-1997373674-3732296793-244282209-1161", "ObjectType": "Computer"}, {"ObjectIdentifier": "S-1-5-21-1997373674-3732296793-244282209-1158", "ObjectType": "Computer"}, {"ObjectIdentifier": "S-1-5-21-1997373674-3732296793-244282209-1156", "ObjectType": "Computer"}, {"ObjectIdentifier": "S-1-5-21-1997373674-3732296793-244282209-1163", "ObjectType": "Computer"}, {"ObjectIdentifier": "S-1-5-21-1997373674-3732296793-244282209-1155", "ObjectType": "Computer"}, {"ObjectIdentifier": "S-1-5-21-1997373674-3732296793-244282209-1149", "ObjectType": "Computer"}, {"ObjectIdentifier": "S-1-5-21-1997373674-3732296793-244282209-1197", "ObjectType": "Computer"}, {"ObjectIdentifier": "S-1-5-21-1997373674-3732296793-244282209-2143", "ObjectType": "Computer"}, {"ObjectIdentifier": "S-1-5-21-1997373674-3732296793-244282209-2194", "ObjectType": "Computer"}, {"ObjectIdentifier": "S-1-5-21-1997373674-3732296793-244282209-1620", "ObjectType": "Computer"}, {"ObjectIdentifier": "S-1-5-21-1997373674-3732296793-244282209-1204", "ObjectType": "Computer"}, {"ObjectIdentifier": "S-1-5-21-1997373674-3732296793-244282209-1268", "ObjectType": "Computer"}, {"ObjectIdentifier": "S-1-5-21-1997373674-3732296793-244282209-1273", "ObjectType": "Computer"}, {"ObjectIdentifier": "S-1-5-21-1997373674-3732296793-244282209-1188", "ObjectType": "Computer"}, {"ObjectIdentifier": "S-1-5-21-1997373674-3732296793-244282209-1206", "ObjectType": "Computer"}, {"ObjectIdentifier": "S-1-5-21-1997373674-3732296793-244282209-1199", "ObjectType": "Computer"}, {"ObjectIdentifier": "S-1-5-21-1997373674-3732296793-244282209-1202", "ObjectType": "Computer"}, {"ObjectIdentifier": "S-1-5-21-1997373674-3732296793-244282209-1637", "ObjectType": "Computer"}, {"ObjectIdentifier": "S-1-5-21-1997373674-3732296793-244282209-1690", "ObjectType": "Computer"}, {"ObjectIdentifier": "S-1-5-21-1997373674-3732296793-244282209-1231", "ObjectType": "Computer"}], "GPOChanges": {"AffectedComputers": [], "DcomUsers": [], "LocalAdmins": [], "PSRemoteUsers": [], "RemoteDesktopUsers": []}},{"ObjectIdentifier": "0FE52A52-829A-424E-A634-81A134D67F19", "Properties": {"domain": "SGM-FX.COM", "name": "DISABLED USERS@SGM-FX.COM", "distinguishedname": "OU=DISABLED USERS,OU=SGM USERS,DC=SGM-FX,DC=COM", "domainsid": "S-1-5-21-1997373674-3732296793-244282209", "highvalue": false, "blocksinheritance": false, "description": null, "whencreated": 1700067556}, "IsDeleted": false, "IsACLProtected": false, "Aces": [{"RightName": "Owns", "IsInherited": false, "PrincipalSID": "S-1-5-21-1997373674-3732296793-244282209-512", "PrincipalType": "Group"}, {"RightName": "GenericAll", "IsInherited": false, "PrincipalSID": "S-1-5-21-1997373674-3732296793-244282209-512", "PrincipalType": "Group"}, {"RightName": "GenericAll", "IsInherited": true, "PrincipalSID": "S-1-5-21-1997373674-3732296793-244282209-519", "PrincipalType": "Group"}, {"RightName": "GenericWrite", "IsInherited": true, "PrincipalSID": "SGM-FX.COM-S-1-5-32-544", "PrincipalType": "Group"}, {"RightName": "WriteOwner", "IsInherited": true, "PrincipalSID": "SGM-FX.COM-S-1-5-32-544", "PrincipalType": "Group"}, {"RightName": "WriteDacl", "IsInherited": true, "PrincipalSID": "SGM-FX.COM-S-1-5-32-544", "PrincipalType": "Group"}], "Links": [], "ChildObjects": [], "GPOChanges": {"AffectedComputers": [], "DcomUsers": [], "LocalAdmins": [], "PSRemoteUsers": [], "RemoteDesktopUsers": []}},{"ObjectIdentifier": "D1DE2167-FC59-451A-BEB2-8C016B648471", "Properties": {"domain": "SGM-FX.COM", "name": "SGM SECURITY GROUPS@SGM-FX.COM", "distinguishedname": "OU=SGM SECURITY GROUPS,DC=SGM-FX,DC=COM", "domainsid": "S-1-5-21-1997373674-3732296793-244282209", "highvalue": false, "blocksinheritance": false, "description": null, "whencreated": 1515426027}, "IsDeleted": false, "IsACLProtected": false, "Aces": [{"RightName": "Owns", "IsInherited": false, "PrincipalSID": "S-1-5-21-1997373674-3732296793-244282209-512", "PrincipalType": "Group"}, {"RightName": "GenericAll", "IsInherited": false, "PrincipalSID": "S-1-5-21-1997373674-3732296793-244282209-512", "PrincipalType": "Group"}, {"RightName": "GenericAll", "IsInherited": true, "PrincipalSID": "S-1-5-21-1997373674-3732296793-244282209-519", "PrincipalType": "Group"}, {"RightName": "GenericWrite", "IsInherited": true, "PrincipalSID": "SGM-FX.COM-S-1-5-32-544", "PrincipalType": "Group"}, {"RightName": "WriteOwner", "IsInherited": true, "PrincipalSID": "SGM-FX.COM-S-1-5-32-544", "PrincipalType": "Group"}, {"RightName": "WriteDacl", "IsInherited": true, "PrincipalSID": "SGM-FX.COM-S-1-5-32-544", "PrincipalType": "Group"}], "Links": [], "ChildObjects": [{"ObjectIdentifier": "S-1-5-21-1997373674-3732296793-244282209-2610", "ObjectType": "Group"}, {"ObjectIdentifier": "S-1-5-21-1997373674-3732296793-244282209-2134", "ObjectType": "Group"}, {"ObjectIdentifier": "S-1-5-21-1997373674-3732296793-244282209-2698", "ObjectType": "Group"}, {"ObjectIdentifier": "S-1-5-21-1997373674-3732296793-244282209-2161", "ObjectType": "Group"}, {"ObjectIdentifier": "S-1-5-21-1997373674-3732296793-244282209-2693", "ObjectType": "Group"}, {"ObjectIdentifier": "S-1-5-21-1997373674-3732296793-244282209-2695", "ObjectType": "Group"}, {"ObjectIdentifier": "S-1-5-21-1997373674-3732296793-244282209-2691", "ObjectType": "Group"}, {"ObjectIdentifier": "S-1-5-21-1997373674-3732296793-244282209-2692", "ObjectType": "Group"}, {"ObjectIdentifier": "S-1-5-21-1997373674-3732296793-244282209-2696", "ObjectType": "Group"}, {"ObjectIdentifier": "S-1-5-21-1997373674-3732296793-244282209-2173", "ObjectType": "Group"}, {"ObjectIdentifier": "S-1-5-21-1997373674-3732296793-244282209-2694", "ObjectType": "Group"}, {"ObjectIdentifier": "S-1-5-21-1997373674-3732296793-244282209-2697", "ObjectType": "Group"}, {"ObjectIdentifier": "S-1-5-21-1997373674-3732296793-244282209-2163", "ObjectType": "Group"}, {"ObjectIdentifier": "S-1-5-21-1997373674-3732296793-244282209-2164", "ObjectType": "Group"}], "GPOChanges": {"AffectedComputers": [], "DcomUsers": [], "LocalAdmins": [], "PSRemoteUsers": [], "RemoteDesktopUsers": []}},{"ObjectIdentifier": "AE311AA1-0BD1-49D6-9B30-76F6665FFA20", "Properties": {"domain": "SGM-FX.COM", "name": "SBSSERVERS@SGM-FX.COM", "distinguishedname": "OU=SBSSERVERS,OU=COMPUTERS,OU=MYBUSINESS,DC=SGM-FX,DC=COM", "domainsid": "S-1-5-21-1997373674-3732296793-244282209", "highvalue": false, "blocksinheritance": false, "description": "Default organizational unit for server computer accounts created with the Set Up Server Wizard", "whencreated": 1069681712}, "IsDeleted": false, "IsACLProtected": false, "Aces": [{"RightName": "Owns", "IsInherited": false, "PrincipalSID": "S-1-5-21-1997373674-3732296793-244282209-512", "PrincipalType": "Group"}, {"RightName": "GenericAll", "IsInherited": false, "PrincipalSID": "S-1-5-21-1997373674-3732296793-244282209-512", "PrincipalType": "Group"}, {"RightName": "GenericAll", "IsInherited": true, "PrincipalSID": "S-1-5-21-1997373674-3732296793-244282209-519", "PrincipalType": "Group"}, {"RightName": "GenericWrite", "IsInherited": true, "PrincipalSID": "SGM-FX.COM-S-1-5-32-544", "PrincipalType": "Group"}, {"RightName": "WriteOwner", "IsInherited": true, "PrincipalSID": "SGM-FX.COM-S-1-5-32-544", "PrincipalType": "Group"}, {"RightName": "WriteDacl", "IsInherited": true, "PrincipalSID": "SGM-FX.COM-S-1-5-32-544", "PrincipalType": "Group"}], "Links": [], "ChildObjects": [], "GPOChanges": {"AffectedComputers": [], "DcomUsers": [], "LocalAdmins": [], "PSRemoteUsers": [], "RemoteDesktopUsers": []}},{"ObjectIdentifier": "A755BBCF-F8D9-428D-8F10-17EA4E2C7899", "Properties": {"domain": "SGM-FX.COM", "name": "SBSUSERS@SGM-FX.COM", "distinguishedname": "OU=SBSUSERS,OU=USERS,OU=MYBUSINESS,DC=SGM-FX,DC=COM", "domainsid": "S-1-5-21-1997373674-3732296793-244282209", "highvalue": false, "blocksinheritance": false, "description": "Default organizational unit for user accounts created with the Add User Wizard", "whencreated": 1069681712}, "IsDeleted": false, "IsACLProtected": false, "Aces": [{"RightName": "Owns", "IsInherited": false, "PrincipalSID": "S-1-5-21-1997373674-3732296793-244282209-512", "PrincipalType": "Group"}, {"RightName": "GenericAll", "IsInherited": false, "PrincipalSID": "S-1-5-21-1997373674-3732296793-244282209-512", "PrincipalType": "Group"}, {"RightName": "GenericAll", "IsInherited": true, "PrincipalSID": "S-1-5-21-1997373674-3732296793-244282209-519", "PrincipalType": "Group"}, {"RightName": "GenericWrite", "IsInherited": true, "PrincipalSID": "SGM-FX.COM-S-1-5-32-544", "PrincipalType": "Group"}, {"RightName": "WriteOwner", "IsInherited": true, "PrincipalSID": "SGM-FX.COM-S-1-5-32-544", "PrincipalType": "Group"}, {"RightName": "WriteDacl", "IsInherited": true, "PrincipalSID": "SGM-FX.COM-S-1-5-32-544", "PrincipalType": "Group"}], "Links": [], "ChildObjects": [], "GPOChanges": {"AffectedComputers": [], "DcomUsers": [], "LocalAdmins": [], "PSRemoteUsers": [], "RemoteDesktopUsers": []}},{"ObjectIdentifier": "5FD210B5-49D4-4C67-82AC-B58049196C48", "Properties": {"domain": "SGM-FX.COM", "name": "SGM USERS@SGM-FX.COM", "distinguishedname": "OU=SGM USERS,OU=USERS,OU=MYBUSINESS,DC=SGM-FX,DC=COM", "domainsid": "S-1-5-21-1997373674-3732296793-244282209", "highvalue": false, "blocksinheritance": false, "description": null, "whencreated": 1213027794}, "IsDeleted": false, "IsACLProtected": false, "Aces": [{"RightName": "Owns", "IsInherited": false, "PrincipalSID": "S-1-5-21-1997373674-3732296793-244282209-512", "PrincipalType": "Group"}, {"RightName": "GenericAll", "IsInherited": false, "PrincipalSID": "S-1-5-21-1997373674-3732296793-244282209-512", "PrincipalType": "Group"}, {"RightName": "GenericAll", "IsInherited": true, "PrincipalSID": "S-1-5-21-1997373674-3732296793-244282209-519", "PrincipalType": "Group"}, {"RightName": "GenericWrite", "IsInherited": true, "PrincipalSID": "SGM-FX.COM-S-1-5-32-544", "PrincipalType": "Group"}, {"RightName": "WriteOwner", "IsInherited": true, "PrincipalSID": "SGM-FX.COM-S-1-5-32-544", "PrincipalType": "Group"}, {"RightName": "WriteDacl", "IsInherited": true, "PrincipalSID": "SGM-FX.COM-S-1-5-32-544", "PrincipalType": "Group"}], "Links": [], "ChildObjects": [], "GPOChanges": {"AffectedComputers": [], "DcomUsers": [], "LocalAdmins": [], "PSRemoteUsers": [], "RemoteDesktopUsers": []}},{"ObjectIdentifier": "3ECDB3F7-E584-400D-90BF-F7140F903D61", "Properties": {"domain": "SGM-FX.COM", "name": "USERS@SGM-FX.COM", "distinguishedname": "OU=USERS,OU=MYBUSINESS,DC=SGM-FX,DC=COM", "domainsid": "S-1-5-21-1997373674-3732296793-244282209", "highvalue": false, "blocksinheritance": false, "description": null, "whencreated": 1069681712}, "IsDeleted": false, "IsACLProtected": false, "Aces": [{"RightName": "Owns", "IsInherited": false, "PrincipalSID": "S-1-5-21-1997373674-3732296793-244282209-512", "PrincipalType": "Group"}, {"RightName": "GenericAll", "IsInherited": false, "PrincipalSID": "S-1-5-21-1997373674-3732296793-244282209-512", "PrincipalType": "Group"}, {"RightName": "GenericAll", "IsInherited": true, "PrincipalSID": "S-1-5-21-1997373674-3732296793-244282209-519", "PrincipalType": "Group"}, {"RightName": "GenericWrite", "IsInherited": true, "PrincipalSID": "SGM-FX.COM-S-1-5-32-544", "PrincipalType": "Group"}, {"RightName": "WriteOwner", "IsInherited": true, "PrincipalSID": "SGM-FX.COM-S-1-5-32-544", "PrincipalType": "Group"}, {"RightName": "WriteDacl", "IsInherited": true, "PrincipalSID": "SGM-FX.COM-S-1-5-32-544", "PrincipalType": "Group"}], "Links": [], "ChildObjects": [{"ObjectIdentifier": "5FD210B5-49D4-4C67-82AC-B58049196C48", "ObjectType": "OU"}, {"ObjectIdentifier": "A755BBCF-F8D9-428D-8F10-17EA4E2C7899", "ObjectType": "OU"}], "GPOChanges": {"AffectedComputers": [], "DcomUsers": [], "LocalAdmins": [], "PSRemoteUsers": [], "RemoteDesktopUsers": []}},{"ObjectIdentifier": "A4A84586-CD42-4305-815C-EC26464F6441", "Properties": {"domain": "SGM-FX.COM", "name": "SBSCOMPUTERS@SGM-FX.COM", "distinguishedname": "OU=SBSCOMPUTERS,OU=COMPUTERS,OU=MYBUSINESS,DC=SGM-FX,DC=COM", "domainsid": "S-1-5-21-1997373674-3732296793-244282209", "highvalue": false, "blocksinheritance": false, "description": "Default organizational unit for computer accounts created with the Set Up Computer Wizard", "whencreated": 1069681712}, "IsDeleted": false, "IsACLProtected": false, "Aces": [{"RightName": "Owns", "IsInherited": false, "PrincipalSID": "S-1-5-21-1997373674-3732296793-244282209-512", "PrincipalType": "Group"}, {"RightName": "GenericAll", "IsInherited": false, "PrincipalSID": "S-1-5-21-1997373674-3732296793-244282209-512", "PrincipalType": "Group"}, {"RightName": "GenericAll", "IsInherited": true, "PrincipalSID": "S-1-5-21-1997373674-3732296793-244282209-519", "PrincipalType": "Group"}, {"RightName": "GenericWrite", "IsInherited": true, "PrincipalSID": "SGM-FX.COM-S-1-5-32-544", "PrincipalType": "Group"}, {"RightName": "WriteOwner", "IsInherited": true, "PrincipalSID": "SGM-FX.COM-S-1-5-32-544", "PrincipalType": "Group"}, {"RightName": "WriteDacl", "IsInherited": true, "PrincipalSID": "SGM-FX.COM-S-1-5-32-544", "PrincipalType": "Group"}], "Links": [], "ChildObjects": [], "GPOChanges": {"AffectedComputers": [], "DcomUsers": [], "LocalAdmins": [], "PSRemoteUsers": [], "RemoteDesktopUsers": []}},{"ObjectIdentifier": "AC79E843-4F13-4315-835D-D2332998EBB7", "Properties": {"domain": "SGM-FX.COM", "name": "COMPUTERS@SGM-FX.COM", "distinguishedname": "OU=COMPUTERS,OU=MYBUSINESS,DC=SGM-FX,DC=COM", "domainsid": "S-1-5-21-1997373674-3732296793-244282209", "highvalue": false, "blocksinheritance": false, "description": null, "whencreated": 1069681712}, "IsDeleted": false, "IsACLProtected": false, "Aces": [{"RightName": "Owns", "IsInherited": false, "PrincipalSID": "S-1-5-21-1997373674-3732296793-244282209-512", "PrincipalType": "Group"}, {"RightName": "GenericAll", "IsInherited": false, "PrincipalSID": "S-1-5-21-1997373674-3732296793-244282209-512", "PrincipalType": "Group"}, {"RightName": "GenericAll", "IsInherited": true, "PrincipalSID": "S-1-5-21-1997373674-3732296793-244282209-519", "PrincipalType": "Group"}, {"RightName": "GenericWrite", "IsInherited": true, "PrincipalSID": "SGM-FX.COM-S-1-5-32-544", "PrincipalType": "Group"}, {"RightName": "WriteOwner", "IsInherited": true, "PrincipalSID": "SGM-FX.COM-S-1-5-32-544", "PrincipalType": "Group"}, {"RightName": "WriteDacl", "IsInherited": true, "PrincipalSID": "SGM-FX.COM-S-1-5-32-544", "PrincipalType": "Group"}], "Links": [], "ChildObjects": [{"ObjectIdentifier": "AE311AA1-0BD1-49D6-9B30-76F6665FFA20", "ObjectType": "OU"}, {"ObjectIdentifier": "A4A84586-CD42-4305-815C-EC26464F6441", "ObjectType": "OU"}], "GPOChanges": {"AffectedComputers": [], "DcomUsers": [], "LocalAdmins": [], "PSRemoteUsers": [], "RemoteDesktopUsers": []}},{"ObjectIdentifier": "CB300F9B-811C-49D4-914A-ACAFD17633D2", "Properties": {"domain": "SGM-FX.COM", "name": "MYBUSINESS@SGM-FX.COM", "distinguishedname": "OU=MYBUSINESS,DC=SGM-FX,DC=COM", "domainsid": "S-1-5-21-1997373674-3732296793-244282209", "highvalue": false, "blocksinheritance": false, "description": "Default organizational unit for Small Business Server", "whencreated": 1069681712}, "IsDeleted": false, "IsACLProtected": false, "Aces": [{"RightName": "Owns", "IsInherited": false, "PrincipalSID": "S-1-5-21-1997373674-3732296793-244282209-512", "PrincipalType": "Group"}, {"RightName": "GenericAll", "IsInherited": false, "PrincipalSID": "S-1-5-21-1997373674-3732296793-244282209-512", "PrincipalType": "Group"}, {"RightName": "GenericAll", "IsInherited": true, "PrincipalSID": "S-1-5-21-1997373674-3732296793-244282209-519", "PrincipalType": "Group"}, {"RightName": "GenericWrite", "IsInherited": true, "PrincipalSID": "SGM-FX.COM-S-1-5-32-544", "PrincipalType": "Group"}, {"RightName": "WriteOwner", "IsInherited": true, "PrincipalSID": "SGM-FX.COM-S-1-5-32-544", "PrincipalType": "Group"}, {"RightName": "WriteDacl", "IsInherited": true, "PrincipalSID": "SGM-FX.COM-S-1-5-32-544", "PrincipalType": "Group"}], "Links": [], "ChildObjects": [{"ObjectIdentifier": "3ECDB3F7-E584-400D-90BF-F7140F903D61", "ObjectType": "OU"}, {"ObjectIdentifier": "AC79E843-4F13-4315-835D-D2332998EBB7", "ObjectType": "OU"}], "GPOChanges": {"AffectedComputers": [], "DcomUsers": [], "LocalAdmins": [], "PSRemoteUsers": [], "RemoteDesktopUsers": []}},{"ObjectIdentifier": "4073D10B-EC5D-4748-A761-D74F85C8CBCA", "Properties": {"domain": "SGM-FX.COM", "name": "STALE ACCOUNTS@SGM-FX.COM", "distinguishedname": "OU=STALE ACCOUNTS,DC=SGM-FX,DC=COM", "domainsid": "S-1-5-21-1997373674-3732296793-244282209", "highvalue": false, "blocksinheritance": false, "description": null, "whencreated": 1483703467}, "IsDeleted": false, "IsACLProtected": false, "Aces": [{"RightName": "Owns", "IsInherited": false, "PrincipalSID": "S-1-5-21-1997373674-3732296793-244282209-512", "PrincipalType": "Group"}, {"RightName": "GenericAll", "IsInherited": false, "PrincipalSID": "S-1-5-21-1997373674-3732296793-244282209-512", "PrincipalType": "Group"}, {"RightName": "GenericAll", "IsInherited": true, "PrincipalSID": "S-1-5-21-1997373674-3732296793-244282209-519", "PrincipalType": "Group"}, {"RightName": "GenericWrite", "IsInherited": true, "PrincipalSID": "SGM-FX.COM-S-1-5-32-544", "PrincipalType": "Group"}, {"RightName": "WriteOwner", "IsInherited": true, "PrincipalSID": "SGM-FX.COM-S-1-5-32-544", "PrincipalType": "Group"}, {"RightName": "WriteDacl", "IsInherited": true, "PrincipalSID": "SGM-FX.COM-S-1-5-32-544", "PrincipalType": "Group"}], "Links": [], "ChildObjects": [], "GPOChanges": {"AffectedComputers": [], "DcomUsers": [], "LocalAdmins": [], "PSRemoteUsers": [], "RemoteDesktopUsers": []}},{"ObjectIdentifier": "FA647850-705E-4F17-80A0-9A5248C143CB", "Properties": {"domain": "SGM-FX.COM", "name": "SGM EQUIPMENT@SGM-FX.COM", "distinguishedname": "OU=SGM EQUIPMENT,DC=SGM-FX,DC=COM", "domainsid": "S-1-5-21-1997373674-3732296793-244282209", "highvalue": false, "blocksinheritance": false, "description": null, "whencreated": 1481631025}, "IsDeleted": false, "IsACLProtected": false, "Aces": [{"RightName": "Owns", "IsInherited": false, "PrincipalSID": "S-1-5-21-1997373674-3732296793-244282209-512", "PrincipalType": "Group"}, {"RightName": "GenericAll", "IsInherited": false, "PrincipalSID": "S-1-5-21-1997373674-3732296793-244282209-512", "PrincipalType": "Group"}, {"RightName": "GenericAll", "IsInherited": true, "PrincipalSID": "S-1-5-21-1997373674-3732296793-244282209-519", "PrincipalType": "Group"}, {"RightName": "GenericWrite", "IsInherited": true, "PrincipalSID": "SGM-FX.COM-S-1-5-32-544", "PrincipalType": "Group"}, {"RightName": "WriteOwner", "IsInherited": true, "PrincipalSID": "SGM-FX.COM-S-1-5-32-544", "PrincipalType": "Group"}, {"RightName": "WriteDacl", "IsInherited": true, "PrincipalSID": "SGM-FX.COM-S-1-5-32-544", "PrincipalType": "Group"}], "Links": [], "ChildObjects": [{"ObjectIdentifier": "S-1-5-21-1997373674-3732296793-244282209-2141", "ObjectType": "User"}, {"ObjectIdentifier": "S-1-5-21-1997373674-3732296793-244282209-2180", "ObjectType": "User"}], "GPOChanges": {"AffectedComputers": [], "DcomUsers": [], "LocalAdmins": [], "PSRemoteUsers": [], "RemoteDesktopUsers": []}},{"ObjectIdentifier": "C33EC7A0-55ED-4984-852D-905B8DAD9AC4", "Properties": {"domain": "SGM-FX.COM", "name": "CONTACTS@SGM-FX.COM", "distinguishedname": "OU=CONTACTS,DC=SGM-FX,DC=COM", "domainsid": "S-1-5-21-1997373674-3732296793-244282209", "highvalue": false, "blocksinheritance": false, "description": null, "whencreated": 1213027857}, "IsDeleted": false, "IsACLProtected": false, "Aces": [{"RightName": "Owns", "IsInherited": false, "PrincipalSID": "S-1-5-21-1997373674-3732296793-244282209-512", "PrincipalType": "Group"}, {"RightName": "GenericAll", "IsInherited": false, "PrincipalSID": "S-1-5-21-1997373674-3732296793-244282209-512", "PrincipalType": "Group"}, {"RightName": "GenericAll", "IsInherited": true, "PrincipalSID": "S-1-5-21-1997373674-3732296793-244282209-519", "PrincipalType": "Group"}, {"RightName": "GenericWrite", "IsInherited": true, "PrincipalSID": "SGM-FX.COM-S-1-5-32-544", "PrincipalType": "Group"}, {"RightName": "WriteOwner", "IsInherited": true, "PrincipalSID": "SGM-FX.COM-S-1-5-32-544", "PrincipalType": "Group"}, {"RightName": "WriteDacl", "IsInherited": true, "PrincipalSID": "SGM-FX.COM-S-1-5-32-544", "PrincipalType": "Group"}], "Links": [], "ChildObjects": [], "GPOChanges": {"AffectedComputers": [], "DcomUsers": [], "LocalAdmins": [], "PSRemoteUsers": [], "RemoteDesktopUsers": []}},{"ObjectIdentifier": "A3E89164-DEFE-4241-B2E3-0D02FB4966B0", "Properties": {"domain": "SGM-FX.COM", "name": "DISTRIBUTION GROUPS@SGM-FX.COM", "distinguishedname": "OU=DISTRIBUTION GROUPS,DC=SGM-FX,DC=COM", "domainsid": "S-1-5-21-1997373674-3732296793-244282209", "highvalue": false, "blocksinheritance": false, "description": "Default organizational unit for distribution groups created by the Add Distribution Group Wizard", "whencreated": 1069681712}, "IsDeleted": false, "IsACLProtected": false, "Aces": [{"RightName": "Owns", "IsInherited": false, "PrincipalSID": "S-1-5-21-1997373674-3732296793-244282209-512", "PrincipalType": "Group"}, {"RightName": "GenericWrite", "IsInherited": false, "PrincipalSID": "S-1-5-21-1997373674-3732296793-244282209-1131", "PrincipalType": "Group"}, {"RightName": "GenericAll", "IsInherited": false, "PrincipalSID": "S-1-5-21-1997373674-3732296793-244282209-512", "PrincipalType": "Group"}, {"RightName": "GenericAll", "IsInherited": true, "PrincipalSID": "S-1-5-21-1997373674-3732296793-244282209-519", "PrincipalType": "Group"}, {"RightName": "GenericWrite", "IsInherited": true, "PrincipalSID": "SGM-FX.COM-S-1-5-32-544", "PrincipalType": "Group"}, {"RightName": "WriteOwner", "IsInherited": true, "PrincipalSID": "SGM-FX.COM-S-1-5-32-544", "PrincipalType": "Group"}, {"RightName": "WriteDacl", "IsInherited": true, "PrincipalSID": "SGM-FX.COM-S-1-5-32-544", "PrincipalType": "Group"}], "Links": [], "ChildObjects": [{"ObjectIdentifier": "S-1-5-21-1997373674-3732296793-244282209-1693", "ObjectType": "Group"}, {"ObjectIdentifier": "S-1-5-21-1997373674-3732296793-244282209-1708", "ObjectType": "Group"}, {"ObjectIdentifier": "S-1-5-21-1997373674-3732296793-244282209-1227", "ObjectType": "Group"}, {"ObjectIdentifier": "S-1-5-21-1997373674-3732296793-244282209-1152", "ObjectType": "Group"}, {"ObjectIdentifier": "S-1-5-21-1997373674-3732296793-244282209-1697", "ObjectType": "Group"}, {"ObjectIdentifier": "S-1-5-21-1997373674-3732296793-244282209-1141", "ObjectType": "Group"}, {"ObjectIdentifier": "S-1-5-21-1997373674-3732296793-244282209-1167", "ObjectType": "Group"}, {"ObjectIdentifier": "S-1-5-21-1997373674-3732296793-244282209-1256", "ObjectType": "Group"}, {"ObjectIdentifier": "S-1-5-21-1997373674-3732296793-244282209-1653", "ObjectType": "Group"}, {"ObjectIdentifier": "S-1-5-21-1997373674-3732296793-244282209-1180", "ObjectType": "Group"}, {"ObjectIdentifier": "S-1-5-21-1997373674-3732296793-244282209-1154", "ObjectType": "Group"}, {"ObjectIdentifier": "S-1-5-21-1997373674-3732296793-244282209-1699", "ObjectType": "Group"}, {"ObjectIdentifier": "S-1-5-21-1997373674-3732296793-244282209-1704", "ObjectType": "Group"}, {"ObjectIdentifier": "S-1-5-21-1997373674-3732296793-244282209-1625", "ObjectType": "Group"}, {"ObjectIdentifier": "S-1-5-21-1997373674-3732296793-244282209-1153", "ObjectType": "Group"}, {"ObjectIdentifier": "S-1-5-21-1997373674-3732296793-244282209-1222", "ObjectType": "Group"}, {"ObjectIdentifier": "S-1-5-21-1997373674-3732296793-244282209-1692", "ObjectType": "Group"}, {"ObjectIdentifier": "S-1-5-21-1997373674-3732296793-244282209-1624", "ObjectType": "Group"}, {"ObjectIdentifier": "S-1-5-21-1997373674-3732296793-244282209-1647", "ObjectType": "Group"}, {"ObjectIdentifier": "S-1-5-21-1997373674-3732296793-244282209-1671", "ObjectType": "Group"}, {"ObjectIdentifier": "S-1-5-21-1997373674-3732296793-244282209-1232", "ObjectType": "Group"}, {"ObjectIdentifier": "S-1-5-21-1997373674-3732296793-244282209-1670", "ObjectType": "Group"}, {"ObjectIdentifier": "S-1-5-21-1997373674-3732296793-244282209-1684", "ObjectType": "Group"}, {"ObjectIdentifier": "S-1-5-21-1997373674-3732296793-244282209-1172", "ObjectType": "Group"}, {"ObjectIdentifier": "S-1-5-21-1997373674-3732296793-244282209-1229", "ObjectType": "Group"}, {"ObjectIdentifier": "S-1-5-21-1997373674-3732296793-244282209-1225", "ObjectType": "Group"}, {"ObjectIdentifier": "S-1-5-21-1997373674-3732296793-244282209-1230", "ObjectType": "Group"}, {"ObjectIdentifier": "S-1-5-21-1997373674-3732296793-244282209-1226", "ObjectType": "Group"}, {"ObjectIdentifier": "S-1-5-21-1997373674-3732296793-244282209-1643", "ObjectType": "Group"}, {"ObjectIdentifier": "S-1-5-21-1997373674-3732296793-244282209-1150", "ObjectType": "Group"}, {"ObjectIdentifier": "S-1-5-21-1997373674-3732296793-244282209-1688", "ObjectType": "Group"}, {"ObjectIdentifier": "S-1-5-21-1997373674-3732296793-244282209-1189", "ObjectType": "Group"}, {"ObjectIdentifier": "S-1-5-21-1997373674-3732296793-244282209-1217", "ObjectType": "Group"}, {"ObjectIdentifier": "S-1-5-21-1997373674-3732296793-244282209-1224", "ObjectType": "Group"}, {"ObjectIdentifier": "S-1-5-21-1997373674-3732296793-244282209-1257", "ObjectType": "Group"}, {"ObjectIdentifier": "S-1-5-21-1997373674-3732296793-244282209-1264", "ObjectType": "Group"}, {"ObjectIdentifier": "S-1-5-21-1997373674-3732296793-244282209-1696", "ObjectType": "Group"}, {"ObjectIdentifier": "S-1-5-21-1997373674-3732296793-244282209-1695", "ObjectType": "Group"}, {"ObjectIdentifier": "S-1-5-21-1997373674-3732296793-244282209-1194", "ObjectType": "Group"}, {"ObjectIdentifier": "S-1-5-21-1997373674-3732296793-244282209-1195", "ObjectType": "Group"}, {"ObjectIdentifier": "S-1-5-21-1997373674-3732296793-244282209-1223", "ObjectType": "Group"}, {"ObjectIdentifier": "S-1-5-21-1997373674-3732296793-244282209-1657", "ObjectType": "Group"}, {"ObjectIdentifier": "S-1-5-21-1997373674-3732296793-244282209-1166", "ObjectType": "Group"}, {"ObjectIdentifier": "S-1-5-21-1997373674-3732296793-244282209-1151", "ObjectType": "Group"}], "GPOChanges": {"AffectedComputers": [], "DcomUsers": [], "LocalAdmins": [], "PSRemoteUsers": [], "RemoteDesktopUsers": []}},{"ObjectIdentifier": "2204D28F-8C7D-407E-AB17-ECFF5E2DBDDE", "Properties": {"domain": "SGM-FX.COM", "name": "SECURITY GROUPS@SGM-FX.COM", "distinguishedname": "OU=SECURITY GROUPS,DC=SGM-FX,DC=COM", "domainsid": "S-1-5-21-1997373674-3732296793-244282209", "highvalue": false, "blocksinheritance": false, "description": "Default organizational unit for security groups created by the Add Security Group Wizard", "whencreated": 1069681712}, "IsDeleted": false, "IsACLProtected": false, "Aces": [{"RightName": "Owns", "IsInherited": false, "PrincipalSID": "S-1-5-21-1997373674-3732296793-244282209-512", "PrincipalType": "Group"}, {"RightName": "GenericAll", "IsInherited": false, "PrincipalSID": "S-1-5-21-1997373674-3732296793-244282209-512", "PrincipalType": "Group"}, {"RightName": "GenericAll", "IsInherited": true, "PrincipalSID": "S-1-5-21-1997373674-3732296793-244282209-519", "PrincipalType": "Group"}, {"RightName": "GenericWrite", "IsInherited": true, "PrincipalSID": "SGM-FX.COM-S-1-5-32-544", "PrincipalType": "Group"}, {"RightName": "WriteOwner", "IsInherited": true, "PrincipalSID": "SGM-FX.COM-S-1-5-32-544", "PrincipalType": "Group"}, {"RightName": "WriteDacl", "IsInherited": true, "PrincipalSID": "SGM-FX.COM-S-1-5-32-544", "PrincipalType": "Group"}], "Links": [], "ChildObjects": [{"ObjectIdentifier": "S-1-5-21-1997373674-3732296793-244282209-1622", "ObjectType": "Group"}, {"ObjectIdentifier": "S-1-5-21-1997373674-3732296793-244282209-1119", "ObjectType": "Group"}, {"ObjectIdentifier": "S-1-5-21-1997373674-3732296793-244282209-2131", "ObjectType": "Group"}, {"ObjectIdentifier": "S-1-5-21-1997373674-3732296793-244282209-1123", "ObjectType": "Group"}, {"ObjectIdentifier": "S-1-5-21-1997373674-3732296793-244282209-1118", "ObjectType": "Group"}, {"ObjectIdentifier": "S-1-5-21-1997373674-3732296793-244282209-1113", "ObjectType": "Group"}, {"ObjectIdentifier": "S-1-5-21-1997373674-3732296793-244282209-2160", "ObjectType": "Group"}, {"ObjectIdentifier": "S-1-5-21-1997373674-3732296793-244282209-1122", "ObjectType": "Group"}, {"ObjectIdentifier": "S-1-5-21-1997373674-3732296793-244282209-1117", "ObjectType": "Group"}, {"ObjectIdentifier": "570D98B8-B309-4F2A-AE1B-8EF228BE0F09", "ObjectType": "OU"}, {"ObjectIdentifier": "S-1-5-21-1997373674-3732296793-244282209-1116", "ObjectType": "Group"}, {"ObjectIdentifier": "S-1-5-21-1997373674-3732296793-244282209-1115", "ObjectType": "Group"}, {"ObjectIdentifier": "S-1-5-21-1997373674-3732296793-244282209-1120", "ObjectType": "Group"}, {"ObjectIdentifier": "S-1-5-21-1997373674-3732296793-244282209-1114", "ObjectType": "Group"}], "GPOChanges": {"AffectedComputers": [], "DcomUsers": [], "LocalAdmins": [], "PSRemoteUsers": [], "RemoteDesktopUsers": []}},{"ObjectIdentifier": "0C1D6B47-B09D-4394-97D6-FC6306069E20", "Properties": {"domain": "SGM-FX.COM", "name": "SGM USERS@SGM-FX.COM", "distinguishedname": "OU=SGM USERS,DC=SGM-FX,DC=COM", "domainsid": "S-1-5-21-1997373674-3732296793-244282209", "highvalue": false, "blocksinheritance": false, "description": null, "whencreated": 1353849471}, "IsDeleted": false, "IsACLProtected": false, "Aces": [{"RightName": "Owns", "IsInherited": false, "PrincipalSID": "S-1-5-21-1997373674-3732296793-244282209-512", "PrincipalType": "Group"}, {"RightName": "GenericAll", "IsInherited": false, "PrincipalSID": "S-1-5-21-1997373674-3732296793-244282209-512", "PrincipalType": "Group"}, {"RightName": "GenericAll", "IsInherited": true, "PrincipalSID": "S-1-5-21-1997373674-3732296793-244282209-519", "PrincipalType": "Group"}, {"RightName": "GenericWrite", "IsInherited": true, "PrincipalSID": "SGM-FX.COM-S-1-5-32-544", "PrincipalType": "Group"}, {"RightName": "WriteOwner", "IsInherited": true, "PrincipalSID": "SGM-FX.COM-S-1-5-32-544", "PrincipalType": "Group"}, {"RightName": "WriteDacl", "IsInherited": true, "PrincipalSID": "SGM-FX.COM-S-1-5-32-544", "PrincipalType": "Group"}], "Links": [], "ChildObjects": [{"ObjectIdentifier": "S-1-5-21-1997373674-3732296793-244282209-2217", "ObjectType": "User"}, {"ObjectIdentifier": "S-1-5-21-1997373674-3732296793-244282209-2615", "ObjectType": "User"}, {"ObjectIdentifier": "S-1-5-21-1997373674-3732296793-244282209-2702", "ObjectType": "User"}, {"ObjectIdentifier": "S-1-5-21-1997373674-3732296793-244282209-2635", "ObjectType": "User"}, {"ObjectIdentifier": "S-1-5-21-1997373674-3732296793-244282209-2223", "ObjectType": "User"}, {"ObjectIdentifier": "S-1-5-21-1997373674-3732296793-244282209-2659", "ObjectType": "User"}, {"ObjectIdentifier": "S-1-5-21-1997373674-3732296793-244282209-2679", "ObjectType": "User"}, {"ObjectIdentifier": "S-1-5-21-1997373674-3732296793-244282209-2146", "ObjectType": "User"}, {"ObjectIdentifier": "S-1-5-21-1997373674-3732296793-244282209-2652", "ObjectType": "User"}, {"ObjectIdentifier": "S-1-5-21-1997373674-3732296793-244282209-2666", "ObjectType": "User"}, {"ObjectIdentifier": "S-1-5-21-1997373674-3732296793-244282209-1241", "ObjectType": "User"}, {"ObjectIdentifier": "S-1-5-21-1997373674-3732296793-244282209-1139", "ObjectType": "User"}, {"ObjectIdentifier": "S-1-5-21-1997373674-3732296793-244282209-2147", "ObjectType": "User"}, {"ObjectIdentifier": "S-1-5-21-1997373674-3732296793-244282209-1133", "ObjectType": "User"}, {"ObjectIdentifier": "S-1-5-21-1997373674-3732296793-244282209-2674", "ObjectType": "User"}, {"ObjectIdentifier": "S-1-5-21-1997373674-3732296793-244282209-1700", "ObjectType": "User"}, {"ObjectIdentifier": "S-1-5-21-1997373674-3732296793-244282209-2685", "ObjectType": "User"}, {"ObjectIdentifier": "S-1-5-21-1997373674-3732296793-244282209-2684", "ObjectType": "User"}, {"ObjectIdentifier": "S-1-5-21-1997373674-3732296793-244282209-2660", "ObjectType": "User"}, {"ObjectIdentifier": "0FE52A52-829A-424E-A634-81A134D67F19", "ObjectType": "OU"}, {"ObjectIdentifier": "S-1-5-21-1997373674-3732296793-244282209-2636", "ObjectType": "User"}, {"ObjectIdentifier": "S-1-5-21-1997373674-3732296793-244282209-2153", "ObjectType": "User"}, {"ObjectIdentifier": "S-1-5-21-1997373674-3732296793-244282209-2699", "ObjectType": "User"}, {"ObjectIdentifier": "S-1-5-21-1997373674-3732296793-244282209-2641", "ObjectType": "User"}, {"ObjectIdentifier": "S-1-5-21-1997373674-3732296793-244282209-2687", "ObjectType": "User"}, {"ObjectIdentifier": "S-1-5-21-1997373674-3732296793-244282209-2657", "ObjectType": "User"}, {"ObjectIdentifier": "S-1-5-21-1997373674-3732296793-244282209-2650", "ObjectType": "User"}, {"ObjectIdentifier": "S-1-5-21-1997373674-3732296793-244282209-2648", "ObjectType": "User"}, {"ObjectIdentifier": "04FE1646-13D3-4580-BD7B-D854A472B965", "ObjectType": "OU"}, {"ObjectIdentifier": "S-1-5-21-1997373674-3732296793-244282209-1236", "ObjectType": "User"}], "GPOChanges": {"AffectedComputers": [], "DcomUsers": [], "LocalAdmins": [], "PSRemoteUsers": [], "RemoteDesktopUsers": []}},{"ObjectIdentifier": "0FB6345B-ACFB-40A1-8771-B2EB01E22F0F", "Properties": {"domain": "SGM-FX.COM", "name": "DOMAIN CONTROLLERS@SGM-FX.COM", "distinguishedname": "OU=DOMAIN CONTROLLERS,DC=SGM-FX,DC=COM", "domainsid": "S-1-5-21-1997373674-3732296793-244282209", "highvalue": false, "blocksinheritance": false, "description": "Default container for domain controllers", "whencreated": 1069680783}, "IsDeleted": false, "IsACLProtected": false, "Aces": [{"RightName": "Owns", "IsInherited": false, "PrincipalSID": "S-1-5-21-1997373674-3732296793-244282209-512", "PrincipalType": "Group"}, {"RightName": "GenericWrite", "IsInherited": false, "PrincipalSID": "S-1-5-21-1997373674-3732296793-244282209-512", "PrincipalType": "Group"}, {"RightName": "WriteOwner", "IsInherited": false, "PrincipalSID": "S-1-5-21-1997373674-3732296793-244282209-512", "PrincipalType": "Group"}, {"RightName": "WriteDacl", "IsInherited": false, "PrincipalSID": "S-1-5-21-1997373674-3732296793-244282209-512", "PrincipalType": "Group"}, {"RightName": "GenericAll", "IsInherited": true, "PrincipalSID": "S-1-5-21-1997373674-3732296793-244282209-519", "PrincipalType": "Group"}, {"RightName": "GenericWrite", "IsInherited": true, "PrincipalSID": "SGM-FX.COM-S-1-5-32-544", "PrincipalType": "Group"}, {"RightName": "WriteOwner", "IsInherited": true, "PrincipalSID": "SGM-FX.COM-S-1-5-32-544", "PrincipalType": "Group"}, {"RightName": "WriteDacl", "IsInherited": true, "PrincipalSID": "SGM-FX.COM-S-1-5-32-544", "PrincipalType": "Group"}], "Links": [{"IsEnforced": false, "GUID": "9AB5FCD8-14E5-484D-B17A-D242375F5436"}, {"IsEnforced": false, "GUID": "675A010E-16C9-47DE-850A-8B610C41F276"}], "ChildObjects": [{"ObjectIdentifier": "S-1-5-21-1997373674-3732296793-244282209-2227", "ObjectType": "Computer"}], "GPOChanges": {"AffectedComputers": [], "DcomUsers": [], "LocalAdmins": [], "PSRemoteUsers": [], "RemoteDesktopUsers": []}},{"ObjectIdentifier": "079FD4D5-74EF-4176-95A0-F04001F22685", "Properties": {"domain": "SGM-FX.COM", "name": "RESTRICTIONS@SGM-FX.COM", "distinguishedname": "OU=RESTRICTIONS,OU=SGM COMPUTERS,DC=SGM-FX,DC=COM", "domainsid": "S-1-5-21-1997373674-3732296793-244282209", "highvalue": false, "blocksinheritance": false, "description": null, "whencreated": 1516105693}, "IsDeleted": false, "IsACLProtected": false, "Aces": [{"RightName": "Owns", "IsInherited": false, "PrincipalSID": "S-1-5-21-1997373674-3732296793-244282209-512", "PrincipalType": "Group"}, {"RightName": "GenericAll", "IsInherited": false, "PrincipalSID": "S-1-5-21-1997373674-3732296793-244282209-512", "PrincipalType": "Group"}, {"RightName": "GenericAll", "IsInherited": true, "PrincipalSID": "S-1-5-21-1997373674-3732296793-244282209-519", "PrincipalType": "Group"}, {"RightName": "GenericWrite", "IsInherited": true, "PrincipalSID": "SGM-FX.COM-S-1-5-32-544", "PrincipalType": "Group"}, {"RightName": "WriteOwner", "IsInherited": true, "PrincipalSID": "SGM-FX.COM-S-1-5-32-544", "PrincipalType": "Group"}, {"RightName": "WriteDacl", "IsInherited": true, "PrincipalSID": "SGM-FX.COM-S-1-5-32-544", "PrincipalType": "Group"}], "Links": [{"IsEnforced": false, "GUID": "2A7E1A2F-28B2-4CD4-A75C-29968C27CA42"}], "ChildObjects": [{"ObjectIdentifier": "E98B7E36-5307-4F54-B26A-7AFDDD352AC8", "ObjectType": "OU"}, {"ObjectIdentifier": "S-1-5-21-1997373674-3732296793-244282209-2214", "ObjectType": "Computer"}, {"ObjectIdentifier": "S-1-5-21-1997373674-3732296793-244282209-2681", "ObjectType": "Computer"}, {"ObjectIdentifier": "S-1-5-21-1997373674-3732296793-244282209-2680", "ObjectType": "Computer"}, {"ObjectIdentifier": "S-1-5-21-1997373674-3732296793-244282209-2655", "ObjectType": "Computer"}, {"ObjectIdentifier": "S-1-5-21-1997373674-3732296793-244282209-2653", "ObjectType": "Computer"}, {"ObjectIdentifier": "S-1-5-21-1997373674-3732296793-244282209-2624", "ObjectType": "Computer"}, {"ObjectIdentifier": "S-1-5-21-1997373674-3732296793-244282209-2623", "ObjectType": "Computer"}, {"ObjectIdentifier": "S-1-5-21-1997373674-3732296793-244282209-2612", "ObjectType": "Computer"}, {"ObjectIdentifier": "S-1-5-21-1997373674-3732296793-244282209-2221", "ObjectType": "Computer"}, {"ObjectIdentifier": "S-1-5-21-1997373674-3732296793-244282209-2215", "ObjectType": "Computer"}, {"ObjectIdentifier": "S-1-5-21-1997373674-3732296793-244282209-2211", "ObjectType": "Computer"}, {"ObjectIdentifier": "S-1-5-21-1997373674-3732296793-244282209-2210", "ObjectType": "Computer"}, {"ObjectIdentifier": "S-1-5-21-1997373674-3732296793-244282209-2209", "ObjectType": "Computer"}, {"ObjectIdentifier": "S-1-5-21-1997373674-3732296793-244282209-2182", "ObjectType": "Computer"}, {"ObjectIdentifier": "S-1-5-21-1997373674-3732296793-244282209-2145", "ObjectType": "Computer"}, {"ObjectIdentifier": "S-1-5-21-1997373674-3732296793-244282209-2700", "ObjectType": "Computer"}, {"ObjectIdentifier": "S-1-5-21-1997373674-3732296793-244282209-2672", "ObjectType": "Computer"}, {"ObjectIdentifier": "S-1-5-21-1997373674-3732296793-244282209-2668", "ObjectType": "Computer"}, {"ObjectIdentifier": "S-1-5-21-1997373674-3732296793-244282209-2664", "ObjectType": "Computer"}, {"ObjectIdentifier": "S-1-5-21-1997373674-3732296793-244282209-2658", "ObjectType": "Computer"}, {"ObjectIdentifier": "S-1-5-21-1997373674-3732296793-244282209-2661", "ObjectType": "Computer"}, {"ObjectIdentifier": "S-1-5-21-1997373674-3732296793-244282209-2178", "ObjectType": "Computer"}, {"ObjectIdentifier": "S-1-5-21-1997373674-3732296793-244282209-2183", "ObjectType": "Computer"}, {"ObjectIdentifier": "S-1-5-21-1997373674-3732296793-244282209-2649", "ObjectType": "Computer"}, {"ObjectIdentifier": "S-1-5-21-1997373674-3732296793-244282209-2676", "ObjectType": "Computer"}], "GPOChanges": {"AffectedComputers": [], "DcomUsers": [], "LocalAdmins": [], "PSRemoteUsers": [], "RemoteDesktopUsers": []}},{"ObjectIdentifier": "95D3AFB3-E6E9-4C20-A856-7F063C28F6AB", "Properties": {"domain": "SGM-FX.COM", "name": "SGM COMPUTERS@SGM-FX.COM", "distinguishedname": "OU=SGM COMPUTERS,DC=SGM-FX,DC=COM", "domainsid": "S-1-5-21-1997373674-3732296793-244282209", "highvalue": false, "blocksinheritance": false, "description": null, "whencreated": 1353849513}, "IsDeleted": false, "IsACLProtected": false, "Aces": [{"RightName": "Owns", "IsInherited": false, "PrincipalSID": "S-1-5-21-1997373674-3732296793-244282209-512", "PrincipalType": "Group"}, {"RightName": "GenericAll", "IsInherited": false, "PrincipalSID": "S-1-5-21-1997373674-3732296793-244282209-512", "PrincipalType": "Group"}, {"RightName": "GenericAll", "IsInherited": true, "PrincipalSID": "S-1-5-21-1997373674-3732296793-244282209-519", "PrincipalType": "Group"}, {"RightName": "GenericWrite", "IsInherited": true, "PrincipalSID": "SGM-FX.COM-S-1-5-32-544", "PrincipalType": "Group"}, {"RightName": "WriteOwner", "IsInherited": true, "PrincipalSID": "SGM-FX.COM-S-1-5-32-544", "PrincipalType": "Group"}, {"RightName": "WriteDacl", "IsInherited": true, "PrincipalSID": "SGM-FX.COM-S-1-5-32-544", "PrincipalType": "Group"}], "Links": [{"IsEnforced": false, "GUID": "4976EB71-8873-4F04-9AFF-AD9D13E39320"}, {"IsEnforced": false, "GUID": "27FC7EDD-79D1-4AFD-868C-69A3D23347F7"}], "ChildObjects": [{"ObjectIdentifier": "079FD4D5-74EF-4176-95A0-F04001F22685", "ObjectType": "OU"}, {"ObjectIdentifier": "C5BC63F7-7A98-406D-B106-D612A40E87F3", "ObjectType": "OU"}], "GPOChanges": {"AffectedComputers": [], "DcomUsers": [], "LocalAdmins": [], "PSRemoteUsers": [], "RemoteDesktopUsers": []}}],"meta":{"methods":0,"type":"ous","count":22, "version":5}}