{"data": [{"ObjectIdentifier": "S-1-5-21-1997373674-3732296793-244282209", "Properties": {"name": "SGM-FX.COM", "domain": "SGM-FX.COM", "domainsid": "S-1-5-21-1997373674-3732296793-244282209", "distinguishedname": "DC=SGM-FX,DC=COM", "description": "", "functionallevel": "2008", "highvalue": true, "whencreated": 1069680780}, "Trusts": [], "Aces": [{"RightName": "Owns", "IsInherited": false, "PrincipalSID": "SGM-FX.COM-S-1-5-32-544", "PrincipalType": "Group"}, {"RightName": "GetChangesAll", "IsInherited": false, "PrincipalSID": "S-1-5-21-1997373674-3732296793-244282209-516", "PrincipalType": "Group"}, {"RightName": "GetChangesInFilteredSet", "IsInherited": false, "PrincipalSID": "SGM-FX.COM-S-1-5-32-544", "PrincipalType": "Group"}, {"RightName": "GetChanges", "IsInherited": false, "PrincipalSID": "SGM-FX.COM-S-1-5-32-544", "PrincipalType": "Group"}, {"RightName": "GetChangesAll", "IsInherited": false, "PrincipalSID": "SGM-FX.COM-S-1-5-32-544", "PrincipalType": "Group"}, {"RightName": "GetChangesInFilteredSet", "IsInherited": false, "PrincipalSID": "SGM-FX.COM-S-1-5-9", "PrincipalType": "Group"}, {"RightName": "GetChanges", "IsInherited": false, "PrincipalSID": "SGM-FX.COM-S-1-5-9", "PrincipalType": "Group"}, {"RightName": "WriteOwner", "IsInherited": false, "PrincipalSID": "S-1-5-21-1997373674-3732296793-244282209-512", "PrincipalType": "Group"}, {"RightName": "AllExtendedRights", "IsInherited": false, "PrincipalSID": "S-1-5-21-1997373674-3732296793-244282209-512", "PrincipalType": "Group"}, {"RightName": "WriteDacl", "IsInherited": false, "PrincipalSID": "S-1-5-21-1997373674-3732296793-244282209-512", "PrincipalType": "Group"}, {"RightName": "GenericAll", "IsInherited": false, "PrincipalSID": "S-1-5-21-1997373674-3732296793-244282209-519", "PrincipalType": "Group"}, {"RightName": "WriteOwner", "IsInherited": false, "PrincipalSID": "SGM-FX.COM-S-1-5-32-544", "PrincipalType": "Group"}, {"RightName": "AllExtendedRights", "IsInherited": false, "PrincipalSID": "SGM-FX.COM-S-1-5-32-544", "PrincipalType": "Group"}, {"RightName": "WriteDacl", "IsInherited": false, "PrincipalSID": "SGM-FX.COM-S-1-5-32-544", "PrincipalType": "Group"}], "Links": [{"IsEnforced": false, "GUID": "CB20C88A-0609-4FAA-A54B-FF36AD7B112B"}, {"IsEnforced": false, "GUID": "B4523669-D8B4-4313-A4F8-33CAC16BA52E"}, {"IsEnforced": false, "GUID": "BFE36D8C-399B-4D1F-A405-692F5A86E5FA"}], "ChildObjects": [{"ObjectIdentifier": "64DB08A4-7592-4884-B34D-E033CE60068D", "ObjectType": "Container"}, {"ObjectIdentifier": "4073D10B-EC5D-4748-A761-D74F85C8CBCA", "ObjectType": "OU"}, {"ObjectIdentifier": "0C1D6B47-B09D-4394-97D6-FC6306069E20", "ObjectType": "OU"}, {"ObjectIdentifier": "D1DE2167-FC59-451A-BEB2-8C016B648471", "ObjectType": "OU"}, {"ObjectIdentifier": "FA647850-705E-4F17-80A0-9A5248C143CB", "ObjectType": "OU"}, {"ObjectIdentifier": "95D3AFB3-E6E9-4C20-A856-7F063C28F6AB", "ObjectType": "OU"}, {"ObjectIdentifier": "2204D28F-8C7D-407E-AB17-ECFF5E2DBDDE", "ObjectType": "OU"}, {"ObjectIdentifier": "CB300F9B-811C-49D4-914A-ACAFD17633D2", "ObjectType": "OU"}, {"ObjectIdentifier": "S-1-5-21-1997373674-3732296793-244282209-2128", "ObjectType": "User"}, {"ObjectIdentifier": "39227AA7-309B-4CB6-B0AE-0A84E244C34E", "ObjectType": "Container"}, {"ObjectIdentifier": "0D9E78C4-DEDF-4801-AC25-0D709E21E370", "ObjectType": "Container"}, {"ObjectIdentifier": "ADB5DC0D-D50B-414C-B515-63B45E9E2C0F", "ObjectType": "Container"}, {"ObjectIdentifier": "0FB6345B-ACFB-40A1-8771-B2EB01E22F0F", "ObjectType": "OU"}, {"ObjectIdentifier": "A3E89164-DEFE-4241-B2E3-0D02FB4966B0", "ObjectType": "OU"}, {"ObjectIdentifier": "C33EC7A0-55ED-4984-852D-905B8DAD9AC4", "ObjectType": "OU"}, {"ObjectIdentifier": "0F061F75-D6A4-4826-8C27-4224952CAF9E", "ObjectType": "Container"}], "GPOChanges": {"AffectedComputers": [], "DcomUsers": [], "LocalAdmins": [], "PSRemoteUsers": [], "RemoteDesktopUsers": []}, "IsDeleted": false, "IsACLProtected": false}], "meta": {"type": "domains", "count": 1, "version": 5}}