{"data":[{"ObjectIdentifier": "8F4AEE79-53D5-4CF4-A682-25521E857A7F", "Properties": {"domain": "SGM-FX.COM", "name": "WINDOWS UPDATES W11 TEMP@SGM-FX.COM", "distinguishedname": "CN={8986DFC7-56DF-498F-A8F2-2F16B0BC9BC1},CN=POLICIES,CN=SYSTEM,DC=SGM-FX,DC=COM", "domainsid": "S-1-5-21-1997373674-3732296793-244282209", "highvalue": false, "gpcpath": "\\\\SGM-FX.COM\\SYSVOL\\SGM-FX.COM\\POLICIES\\{8986DFC7-56DF-498F-A8F2-2F16B0BC9BC1}", "description": "", "whencreated": 1741365309}, "IsDeleted": false, "IsACLProtected": true, "Aces": [{"RightName": "Owns", "IsInherited": false, "PrincipalSID": "S-1-5-21-1997373674-3732296793-244282209-512", "PrincipalType": "Group"}, {"RightName": "GenericWrite", "IsInherited": false, "PrincipalSID": "S-1-5-21-1997373674-3732296793-244282209-512", "PrincipalType": "Group"}, {"RightName": "WriteOwner", "IsInherited": false, "PrincipalSID": "S-1-5-21-1997373674-3732296793-244282209-512", "PrincipalType": "Group"}, {"RightName": "WriteDacl", "IsInherited": false, "PrincipalSID": "S-1-5-21-1997373674-3732296793-244282209-512", "PrincipalType": "Group"}, {"RightName": "GenericWrite", "IsInherited": false, "PrincipalSID": "S-1-5-21-1997373674-3732296793-244282209-512", "PrincipalType": "Group"}, {"RightName": "WriteOwner", "IsInherited": false, "PrincipalSID": "S-1-5-21-1997373674-3732296793-244282209-512", "PrincipalType": "Group"}, {"RightName": "WriteDacl", "IsInherited": false, "PrincipalSID": "S-1-5-21-1997373674-3732296793-244282209-512", "PrincipalType": "Group"}, {"RightName": "GenericWrite", "IsInherited": false, "PrincipalSID": "S-1-5-21-1997373674-3732296793-244282209-519", "PrincipalType": "Group"}, {"RightName": "WriteOwner", "IsInherited": false, "PrincipalSID": "S-1-5-21-1997373674-3732296793-244282209-519", "PrincipalType": "Group"}, {"RightName": "WriteDacl", "IsInherited": false, "PrincipalSID": "S-1-5-21-1997373674-3732296793-244282209-519", "PrincipalType": "Group"}]},{"ObjectIdentifier": "4976EB71-8873-4F04-9AFF-AD9D13E39320", "Properties": {"domain": "SGM-FX.COM", "name": "WINDOWS UPDATES @SGM-FX.COM", "distinguishedname": "CN={276167A0-50F0-4642-A0AC-A9D694A3CA23},CN=POLICIES,CN=SYSTEM,DC=SGM-FX,DC=COM", "domainsid": "S-1-5-21-1997373674-3732296793-244282209", "highvalue": false, "gpcpath": "\\\\SGM-FX.COM\\SYSVOL\\SGM-FX.COM\\POLICIES\\{276167A0-50F0-4642-A0AC-A9D694A3CA23}", "description": "", "whencreated": 1717064973}, "IsDeleted": false, "IsACLProtected": true, "Aces": [{"RightName": "Owns", "IsInherited": false, "PrincipalSID": "S-1-5-21-1997373674-3732296793-244282209-512", "PrincipalType": "Group"}, {"RightName": "GenericWrite", "IsInherited": false, "PrincipalSID": "S-1-5-21-1997373674-3732296793-244282209-512", "PrincipalType": "Group"}, {"RightName": "WriteOwner", "IsInherited": false, "PrincipalSID": "S-1-5-21-1997373674-3732296793-244282209-512", "PrincipalType": "Group"}, {"RightName": "WriteDacl", "IsInherited": false, "PrincipalSID": "S-1-5-21-1997373674-3732296793-244282209-512", "PrincipalType": "Group"}, {"RightName": "GenericWrite", "IsInherited": false, "PrincipalSID": "S-1-5-21-1997373674-3732296793-244282209-512", "PrincipalType": "Group"}, {"RightName": "WriteOwner", "IsInherited": false, "PrincipalSID": "S-1-5-21-1997373674-3732296793-244282209-512", "PrincipalType": "Group"}, {"RightName": "WriteDacl", "IsInherited": false, "PrincipalSID": "S-1-5-21-1997373674-3732296793-244282209-512", "PrincipalType": "Group"}, {"RightName": "GenericWrite", "IsInherited": false, "PrincipalSID": "S-1-5-21-1997373674-3732296793-244282209-519", "PrincipalType": "Group"}, {"RightName": "WriteOwner", "IsInherited": false, "PrincipalSID": "S-1-5-21-1997373674-3732296793-244282209-519", "PrincipalType": "Group"}, {"RightName": "WriteDacl", "IsInherited": false, "PrincipalSID": "S-1-5-21-1997373674-3732296793-244282209-519", "PrincipalType": "Group"}]},{"ObjectIdentifier": "6EA03CE9-B7AA-4D9A-B828-7F5524ADB819", "Properties": {"domain": "SGM-FX.COM", "name": "DATTO RMM AGENT INSTALL BY IMMEDIATE SCHEDULED TASK@SGM-FX.COM", "distinguishedname": "CN={A485C418-1A90-4349-86DA-8557189BA6A5},CN=POLICIES,CN=SYSTEM,DC=SGM-FX,DC=COM", "domainsid": "S-1-5-21-1997373674-3732296793-244282209", "highvalue": false, "gpcpath": "\\\\SGM-FX.COM\\SYSVOL\\SGM-FX.COM\\POLICIES\\{A485C418-1A90-4349-86DA-8557189BA6A5}", "description": "", "whencreated": 1620390614}, "IsDeleted": false, "IsACLProtected": true, "Aces": [{"RightName": "Owns", "IsInherited": false, "PrincipalSID": "S-1-5-21-1997373674-3732296793-244282209-512", "PrincipalType": "Group"}, {"RightName": "GenericWrite", "IsInherited": false, "PrincipalSID": "S-1-5-21-1997373674-3732296793-244282209-512", "PrincipalType": "Group"}, {"RightName": "WriteOwner", "IsInherited": false, "PrincipalSID": "S-1-5-21-1997373674-3732296793-244282209-512", "PrincipalType": "Group"}, {"RightName": "WriteDacl", "IsInherited": false, "PrincipalSID": "S-1-5-21-1997373674-3732296793-244282209-512", "PrincipalType": "Group"}, {"RightName": "GenericWrite", "IsInherited": false, "PrincipalSID": "S-1-5-21-1997373674-3732296793-244282209-512", "PrincipalType": "Group"}, {"RightName": "WriteOwner", "IsInherited": false, "PrincipalSID": "S-1-5-21-1997373674-3732296793-244282209-512", "PrincipalType": "Group"}, {"RightName": "WriteDacl", "IsInherited": false, "PrincipalSID": "S-1-5-21-1997373674-3732296793-244282209-512", "PrincipalType": "Group"}, {"RightName": "GenericWrite", "IsInherited": false, "PrincipalSID": "S-1-5-21-1997373674-3732296793-244282209-519", "PrincipalType": "Group"}, {"RightName": "WriteOwner", "IsInherited": false, "PrincipalSID": "S-1-5-21-1997373674-3732296793-244282209-519", "PrincipalType": "Group"}, {"RightName": "WriteDacl", "IsInherited": false, "PrincipalSID": "S-1-5-21-1997373674-3732296793-244282209-519", "PrincipalType": "Group"}]},{"ObjectIdentifier": "27FC7EDD-79D1-4AFD-868C-69A3D23347F7", "Properties": {"domain": "SGM-FX.COM", "name": "DATEK - SOFTWARE@SGM-FX.COM", "distinguishedname": "CN={1B07D0E5-D9EC-43F8-ADEC-E263E23CED3A},CN=POLICIES,CN=SYSTEM,DC=SGM-FX,DC=COM", "domainsid": "S-1-5-21-1997373674-3732296793-244282209", "highvalue": false, "gpcpath": "\\\\SGM-FX.COM\\SYSVOL\\SGM-FX.COM\\POLICIES\\{1B07D0E5-D9EC-43F8-ADEC-E263E23CED3A}", "description": "", "whencreated": 1695655717}, "IsDeleted": false, "IsACLProtected": true, "Aces": [{"RightName": "Owns", "IsInherited": false, "PrincipalSID": "S-1-5-21-1997373674-3732296793-244282209-512", "PrincipalType": "Group"}, {"RightName": "GenericWrite", "IsInherited": false, "PrincipalSID": "S-1-5-21-1997373674-3732296793-244282209-512", "PrincipalType": "Group"}, {"RightName": "WriteOwner", "IsInherited": false, "PrincipalSID": "S-1-5-21-1997373674-3732296793-244282209-512", "PrincipalType": "Group"}, {"RightName": "WriteDacl", "IsInherited": false, "PrincipalSID": "S-1-5-21-1997373674-3732296793-244282209-512", "PrincipalType": "Group"}, {"RightName": "GenericWrite", "IsInherited": false, "PrincipalSID": "S-1-5-21-1997373674-3732296793-244282209-512", "PrincipalType": "Group"}, {"RightName": "WriteOwner", "IsInherited": false, "PrincipalSID": "S-1-5-21-1997373674-3732296793-244282209-512", "PrincipalType": "Group"}, {"RightName": "WriteDacl", "IsInherited": false, "PrincipalSID": "S-1-5-21-1997373674-3732296793-244282209-512", "PrincipalType": "Group"}, {"RightName": "GenericWrite", "IsInherited": false, "PrincipalSID": "S-1-5-21-1997373674-3732296793-244282209-519", "PrincipalType": "Group"}, {"RightName": "WriteOwner", "IsInherited": false, "PrincipalSID": "S-1-5-21-1997373674-3732296793-244282209-519", "PrincipalType": "Group"}, {"RightName": "WriteDacl", "IsInherited": false, "PrincipalSID": "S-1-5-21-1997373674-3732296793-244282209-519", "PrincipalType": "Group"}]},{"ObjectIdentifier": "4CF23D16-D0F7-4BF3-90B9-C62DDF136A3C", "Properties": {"domain": "SGM-FX.COM", "name": "PRINTER POLICY@SGM-FX.COM", "distinguishedname": "CN={84DC4F1F-F248-476D-9D38-0154B54CB758},CN=POLICIES,CN=SYSTEM,DC=SGM-FX,DC=COM", "domainsid": "S-1-5-21-1997373674-3732296793-244282209", "highvalue": false, "gpcpath": "\\\\SGM-FX.COM\\SYSVOL\\SGM-FX.COM\\POLICIES\\{84DC4F1F-F248-476D-9D38-0154B54CB758}", "description": "", "whencreated": 1553082122}, "IsDeleted": false, "IsACLProtected": true, "Aces": [{"RightName": "Owns", "IsInherited": false, "PrincipalSID": "S-1-5-21-1997373674-3732296793-244282209-512", "PrincipalType": "Group"}, {"RightName": "GenericWrite", "IsInherited": false, "PrincipalSID": "S-1-5-21-1997373674-3732296793-244282209-512", "PrincipalType": "Group"}, {"RightName": "WriteOwner", "IsInherited": false, "PrincipalSID": "S-1-5-21-1997373674-3732296793-244282209-512", "PrincipalType": "Group"}, {"RightName": "WriteDacl", "IsInherited": false, "PrincipalSID": "S-1-5-21-1997373674-3732296793-244282209-512", "PrincipalType": "Group"}, {"RightName": "GenericWrite", "IsInherited": false, "PrincipalSID": "S-1-5-21-1997373674-3732296793-244282209-512", "PrincipalType": "Group"}, {"RightName": "WriteOwner", "IsInherited": false, "PrincipalSID": "S-1-5-21-1997373674-3732296793-244282209-512", "PrincipalType": "Group"}, {"RightName": "WriteDacl", "IsInherited": false, "PrincipalSID": "S-1-5-21-1997373674-3732296793-244282209-512", "PrincipalType": "Group"}, {"RightName": "GenericWrite", "IsInherited": false, "PrincipalSID": "S-1-5-21-1997373674-3732296793-244282209-519", "PrincipalType": "Group"}, {"RightName": "WriteOwner", "IsInherited": false, "PrincipalSID": "S-1-5-21-1997373674-3732296793-244282209-519", "PrincipalType": "Group"}, {"RightName": "WriteDacl", "IsInherited": false, "PrincipalSID": "S-1-5-21-1997373674-3732296793-244282209-519", "PrincipalType": "Group"}]},{"ObjectIdentifier": "ECF6EE2E-26AB-4640-A839-487F4629B3BF", "Properties": {"domain": "SGM-FX.COM", "name": "CW AUTOMATE INSTALL@SGM-FX.COM", "distinguishedname": "CN={AA391B50-FAED-4A30-B602-4E456CCEE8DC},CN=POLICIES,CN=SYSTEM,DC=SGM-FX,DC=COM", "domainsid": "S-1-5-21-1997373674-3732296793-244282209", "highvalue": false, "gpcpath": "\\\\SGM-FX.COM\\SYSVOL\\SGM-FX.COM\\POLICIES\\{AA391B50-FAED-4A30-B602-4E456CCEE8DC}", "description": "", "whencreated": 1524491139}, "IsDeleted": false, "IsACLProtected": true, "Aces": [{"RightName": "Owns", "IsInherited": false, "PrincipalSID": "S-1-5-21-1997373674-3732296793-244282209-512", "PrincipalType": "Group"}, {"RightName": "GenericWrite", "IsInherited": false, "PrincipalSID": "S-1-5-21-1997373674-3732296793-244282209-512", "PrincipalType": "Group"}, {"RightName": "WriteOwner", "IsInherited": false, "PrincipalSID": "S-1-5-21-1997373674-3732296793-244282209-512", "PrincipalType": "Group"}, {"RightName": "WriteDacl", "IsInherited": false, "PrincipalSID": "S-1-5-21-1997373674-3732296793-244282209-512", "PrincipalType": "Group"}, {"RightName": "GenericWrite", "IsInherited": false, "PrincipalSID": "S-1-5-21-1997373674-3732296793-244282209-512", "PrincipalType": "Group"}, {"RightName": "WriteOwner", "IsInherited": false, "PrincipalSID": "S-1-5-21-1997373674-3732296793-244282209-512", "PrincipalType": "Group"}, {"RightName": "WriteDacl", "IsInherited": false, "PrincipalSID": "S-1-5-21-1997373674-3732296793-244282209-512", "PrincipalType": "Group"}, {"RightName": "GenericWrite", "IsInherited": false, "PrincipalSID": "S-1-5-21-1997373674-3732296793-244282209-519", "PrincipalType": "Group"}, {"RightName": "WriteOwner", "IsInherited": false, "PrincipalSID": "S-1-5-21-1997373674-3732296793-244282209-519", "PrincipalType": "Group"}, {"RightName": "WriteDacl", "IsInherited": false, "PrincipalSID": "S-1-5-21-1997373674-3732296793-244282209-519", "PrincipalType": "Group"}]},{"ObjectIdentifier": "73171A26-DFB2-4A4F-B2D9-8142902DB767", "Properties": {"domain": "SGM-FX.COM", "name": "AUDITING POLICY@SGM-FX.COM", "distinguishedname": "CN={B68F45AC-23C1-4C24-9800-87E518A2AC48},CN=POLICIES,CN=SYSTEM,DC=SGM-FX,DC=COM", "domainsid": "S-1-5-21-1997373674-3732296793-244282209", "highvalue": false, "gpcpath": "\\\\SGM-FX.COM\\SYSVOL\\SGM-FX.COM\\POLICIES\\{B68F45AC-23C1-4C24-9800-87E518A2AC48}", "description": "", "whencreated": 1516359032}, "IsDeleted": false, "IsACLProtected": true, "Aces": [{"RightName": "Owns", "IsInherited": false, "PrincipalSID": "S-1-5-21-1997373674-3732296793-244282209-512", "PrincipalType": "Group"}, {"RightName": "GenericWrite", "IsInherited": false, "PrincipalSID": "S-1-5-21-1997373674-3732296793-244282209-512", "PrincipalType": "Group"}, {"RightName": "WriteOwner", "IsInherited": false, "PrincipalSID": "S-1-5-21-1997373674-3732296793-244282209-512", "PrincipalType": "Group"}, {"RightName": "WriteDacl", "IsInherited": false, "PrincipalSID": "S-1-5-21-1997373674-3732296793-244282209-512", "PrincipalType": "Group"}, {"RightName": "GenericWrite", "IsInherited": false, "PrincipalSID": "S-1-5-21-1997373674-3732296793-244282209-512", "PrincipalType": "Group"}, {"RightName": "WriteOwner", "IsInherited": false, "PrincipalSID": "S-1-5-21-1997373674-3732296793-244282209-512", "PrincipalType": "Group"}, {"RightName": "WriteDacl", "IsInherited": false, "PrincipalSID": "S-1-5-21-1997373674-3732296793-244282209-512", "PrincipalType": "Group"}, {"RightName": "GenericWrite", "IsInherited": false, "PrincipalSID": "S-1-5-21-1997373674-3732296793-244282209-519", "PrincipalType": "Group"}, {"RightName": "WriteOwner", "IsInherited": false, "PrincipalSID": "S-1-5-21-1997373674-3732296793-244282209-519", "PrincipalType": "Group"}, {"RightName": "WriteDacl", "IsInherited": false, "PrincipalSID": "S-1-5-21-1997373674-3732296793-244282209-519", "PrincipalType": "Group"}]},{"ObjectIdentifier": "2A7E1A2F-28B2-4CD4-A75C-29968C27CA42", "Properties": {"domain": "SGM-FX.COM", "name": "MEDIA - NO ACCESS@SGM-FX.COM", "distinguishedname": "CN={5FAB519D-6FEE-4F20-A9B8-D36CE6936AC0},CN=POLICIES,CN=SYSTEM,DC=SGM-FX,DC=COM", "domainsid": "S-1-5-21-1997373674-3732296793-244282209", "highvalue": false, "gpcpath": "\\\\SGM-FX.COM\\SYSVOL\\SGM-FX.COM\\POLICIES\\{5FAB519D-6FEE-4F20-A9B8-D36CE6936AC0}", "description": "", "whencreated": 1516105740}, "IsDeleted": false, "IsACLProtected": true, "Aces": [{"RightName": "Owns", "IsInherited": false, "PrincipalSID": "S-1-5-21-1997373674-3732296793-244282209-512", "PrincipalType": "Group"}, {"RightName": "GenericWrite", "IsInherited": false, "PrincipalSID": "S-1-5-21-1997373674-3732296793-244282209-512", "PrincipalType": "Group"}, {"RightName": "WriteOwner", "IsInherited": false, "PrincipalSID": "S-1-5-21-1997373674-3732296793-244282209-512", "PrincipalType": "Group"}, {"RightName": "WriteDacl", "IsInherited": false, "PrincipalSID": "S-1-5-21-1997373674-3732296793-244282209-512", "PrincipalType": "Group"}, {"RightName": "GenericWrite", "IsInherited": false, "PrincipalSID": "S-1-5-21-1997373674-3732296793-244282209-512", "PrincipalType": "Group"}, {"RightName": "WriteOwner", "IsInherited": false, "PrincipalSID": "S-1-5-21-1997373674-3732296793-244282209-512", "PrincipalType": "Group"}, {"RightName": "WriteDacl", "IsInherited": false, "PrincipalSID": "S-1-5-21-1997373674-3732296793-244282209-512", "PrincipalType": "Group"}, {"RightName": "GenericWrite", "IsInherited": false, "PrincipalSID": "S-1-5-21-1997373674-3732296793-244282209-519", "PrincipalType": "Group"}, {"RightName": "WriteOwner", "IsInherited": false, "PrincipalSID": "S-1-5-21-1997373674-3732296793-244282209-519", "PrincipalType": "Group"}, {"RightName": "WriteDacl", "IsInherited": false, "PrincipalSID": "S-1-5-21-1997373674-3732296793-244282209-519", "PrincipalType": "Group"}]},{"ObjectIdentifier": "CB20C88A-0609-4FAA-A54B-FF36AD7B112B", "Properties": {"domain": "SGM-FX.COM", "name": "ENABLE WINRM@SGM-FX.COM", "distinguishedname": "CN={AB50D783-12A3-49DB-909E-92C2852A4433},CN=POLICIES,CN=SYSTEM,DC=SGM-FX,DC=COM", "domainsid": "S-1-5-21-1997373674-3732296793-244282209", "highvalue": false, "gpcpath": "\\\\SGM-FX.COM\\SYSVOL\\SGM-FX.COM\\POLICIES\\{AB50D783-12A3-49DB-909E-92C2852A4433}", "description": "", "whencreated": 1487177608}, "IsDeleted": false, "IsACLProtected": true, "Aces": [{"RightName": "Owns", "IsInherited": false, "PrincipalSID": "S-1-5-21-1997373674-3732296793-244282209-512", "PrincipalType": "Group"}, {"RightName": "GenericWrite", "IsInherited": false, "PrincipalSID": "S-1-5-21-1997373674-3732296793-244282209-512", "PrincipalType": "Group"}, {"RightName": "WriteOwner", "IsInherited": false, "PrincipalSID": "S-1-5-21-1997373674-3732296793-244282209-512", "PrincipalType": "Group"}, {"RightName": "WriteDacl", "IsInherited": false, "PrincipalSID": "S-1-5-21-1997373674-3732296793-244282209-512", "PrincipalType": "Group"}, {"RightName": "GenericWrite", "IsInherited": false, "PrincipalSID": "S-1-5-21-1997373674-3732296793-244282209-512", "PrincipalType": "Group"}, {"RightName": "WriteOwner", "IsInherited": false, "PrincipalSID": "S-1-5-21-1997373674-3732296793-244282209-512", "PrincipalType": "Group"}, {"RightName": "WriteDacl", "IsInherited": false, "PrincipalSID": "S-1-5-21-1997373674-3732296793-244282209-512", "PrincipalType": "Group"}, {"RightName": "GenericWrite", "IsInherited": false, "PrincipalSID": "S-1-5-21-1997373674-3732296793-244282209-519", "PrincipalType": "Group"}, {"RightName": "WriteOwner", "IsInherited": false, "PrincipalSID": "S-1-5-21-1997373674-3732296793-244282209-519", "PrincipalType": "Group"}, {"RightName": "WriteDacl", "IsInherited": false, "PrincipalSID": "S-1-5-21-1997373674-3732296793-244282209-519", "PrincipalType": "Group"}]},{"ObjectIdentifier": "B4523669-D8B4-4313-A4F8-33CAC16BA52E", "Properties": {"domain": "SGM-FX.COM", "name": "LPI MW DEFAULT GROUP POLICY@SGM-FX.COM", "distinguishedname": "CN={EF249FC5-2E8B-4921-9E96-35D582AA9E79},CN=POLICIES,CN=SYSTEM,DC=SGM-FX,DC=COM", "domainsid": "S-1-5-21-1997373674-3732296793-244282209", "highvalue": false, "gpcpath": "\\\\SGM-FX.COM\\SYSVOL\\SGM-FX.COM\\POLICIES\\{EF249FC5-2E8B-4921-9E96-35D582AA9E79}", "description": "", "whencreated": 1427477591}, "IsDeleted": false, "IsACLProtected": true, "Aces": [{"RightName": "Owns", "IsInherited": false, "PrincipalSID": "S-1-5-21-1997373674-3732296793-244282209-512", "PrincipalType": "Group"}, {"RightName": "GenericWrite", "IsInherited": false, "PrincipalSID": "S-1-5-21-1997373674-3732296793-244282209-512", "PrincipalType": "Group"}, {"RightName": "WriteOwner", "IsInherited": false, "PrincipalSID": "S-1-5-21-1997373674-3732296793-244282209-512", "PrincipalType": "Group"}, {"RightName": "WriteDacl", "IsInherited": false, "PrincipalSID": "S-1-5-21-1997373674-3732296793-244282209-512", "PrincipalType": "Group"}, {"RightName": "GenericWrite", "IsInherited": false, "PrincipalSID": "S-1-5-21-1997373674-3732296793-244282209-512", "PrincipalType": "Group"}, {"RightName": "WriteOwner", "IsInherited": false, "PrincipalSID": "S-1-5-21-1997373674-3732296793-244282209-512", "PrincipalType": "Group"}, {"RightName": "WriteDacl", "IsInherited": false, "PrincipalSID": "S-1-5-21-1997373674-3732296793-244282209-512", "PrincipalType": "Group"}, {"RightName": "GenericWrite", "IsInherited": false, "PrincipalSID": "S-1-5-21-1997373674-3732296793-244282209-519", "PrincipalType": "Group"}, {"RightName": "WriteOwner", "IsInherited": false, "PrincipalSID": "S-1-5-21-1997373674-3732296793-244282209-519", "PrincipalType": "Group"}, {"RightName": "WriteDacl", "IsInherited": false, "PrincipalSID": "S-1-5-21-1997373674-3732296793-244282209-519", "PrincipalType": "Group"}]},{"ObjectIdentifier": "78ED47ED-1FDC-4F77-8428-A987A1328344", "Properties": {"domain": "SGM-FX.COM", "name": "REMOTE ACCESS GPO@SGM-FX.COM", "distinguishedname": "CN={982E4868-DE32-4355-98E9-9CCB8B5479B4},CN=POLICIES,CN=SYSTEM,DC=SGM-FX,DC=COM", "domainsid": "S-1-5-21-1997373674-3732296793-244282209", "highvalue": false, "gpcpath": "\\\\SGM-FX.COM\\SYSVOL\\SGM-FX.COM\\POLICIES\\{982E4868-DE32-4355-98E9-9CCB8B5479B4}", "description": "", "whencreated": 1378470784}, "IsDeleted": false, "IsACLProtected": true, "Aces": [{"RightName": "Owns", "IsInherited": false, "PrincipalSID": "S-1-5-21-1997373674-3732296793-244282209-512", "PrincipalType": "Group"}, {"RightName": "GenericWrite", "IsInherited": false, "PrincipalSID": "S-1-5-21-1997373674-3732296793-244282209-512", "PrincipalType": "Group"}, {"RightName": "WriteOwner", "IsInherited": false, "PrincipalSID": "S-1-5-21-1997373674-3732296793-244282209-512", "PrincipalType": "Group"}, {"RightName": "WriteDacl", "IsInherited": false, "PrincipalSID": "S-1-5-21-1997373674-3732296793-244282209-512", "PrincipalType": "Group"}, {"RightName": "GenericWrite", "IsInherited": false, "PrincipalSID": "S-1-5-21-1997373674-3732296793-244282209-512", "PrincipalType": "Group"}, {"RightName": "WriteOwner", "IsInherited": false, "PrincipalSID": "S-1-5-21-1997373674-3732296793-244282209-512", "PrincipalType": "Group"}, {"RightName": "WriteDacl", "IsInherited": false, "PrincipalSID": "S-1-5-21-1997373674-3732296793-244282209-512", "PrincipalType": "Group"}, {"RightName": "GenericWrite", "IsInherited": false, "PrincipalSID": "S-1-5-21-1997373674-3732296793-244282209-519", "PrincipalType": "Group"}, {"RightName": "WriteOwner", "IsInherited": false, "PrincipalSID": "S-1-5-21-1997373674-3732296793-244282209-519", "PrincipalType": "Group"}, {"RightName": "WriteDacl", "IsInherited": false, "PrincipalSID": "S-1-5-21-1997373674-3732296793-244282209-519", "PrincipalType": "Group"}]},{"ObjectIdentifier": "4BDF6AA6-B1C7-4347-B050-1A62BCA9C913", "Properties": {"domain": "SGM-FX.COM", "name": "SMALL BUSINESS SERVER WINDOWS FIREWALL@SGM-FX.COM", "distinguishedname": "CN={C1C1D86D-8E6F-4322-8172-A569E839DFA3},CN=POLICIES,CN=SYSTEM,DC=SGM-FX,DC=COM", "domainsid": "S-1-5-21-1997373674-3732296793-244282209", "highvalue": false, "gpcpath": "\\\\SGM-FX.COM\\SYSVOL\\SGM-FX.COM\\POLICIES\\{C1C1D86D-8E6F-4322-8172-A569E839DFA3}", "description": "", "whencreated": 1129559772}, "IsDeleted": false, "IsACLProtected": true, "Aces": [{"RightName": "Owns", "IsInherited": false, "PrincipalSID": "S-1-5-21-1997373674-3732296793-244282209-512", "PrincipalType": "Group"}, {"RightName": "GenericWrite", "IsInherited": false, "PrincipalSID": "S-1-5-21-1997373674-3732296793-244282209-512", "PrincipalType": "Group"}, {"RightName": "WriteOwner", "IsInherited": false, "PrincipalSID": "S-1-5-21-1997373674-3732296793-244282209-512", "PrincipalType": "Group"}, {"RightName": "WriteDacl", "IsInherited": false, "PrincipalSID": "S-1-5-21-1997373674-3732296793-244282209-512", "PrincipalType": "Group"}, {"RightName": "GenericWrite", "IsInherited": false, "PrincipalSID": "S-1-5-21-1997373674-3732296793-244282209-512", "PrincipalType": "Group"}, {"RightName": "WriteOwner", "IsInherited": false, "PrincipalSID": "S-1-5-21-1997373674-3732296793-244282209-512", "PrincipalType": "Group"}, {"RightName": "WriteDacl", "IsInherited": false, "PrincipalSID": "S-1-5-21-1997373674-3732296793-244282209-512", "PrincipalType": "Group"}, {"RightName": "GenericWrite", "IsInherited": false, "PrincipalSID": "S-1-5-21-1997373674-3732296793-244282209-519", "PrincipalType": "Group"}, {"RightName": "WriteOwner", "IsInherited": false, "PrincipalSID": "S-1-5-21-1997373674-3732296793-244282209-519", "PrincipalType": "Group"}, {"RightName": "WriteDacl", "IsInherited": false, "PrincipalSID": "S-1-5-21-1997373674-3732296793-244282209-519", "PrincipalType": "Group"}]},{"ObjectIdentifier": "FDFABB65-C8AA-4D98-A28A-26722E94031C", "Properties": {"domain": "SGM-FX.COM", "name": "SMALL BUSINESS SERVER INTERNET CONNECTION FIREWALL@SGM-FX.COM", "distinguishedname": "CN={1CF0FF0C-383D-43E2-8FE8-BB7E6F2310B9},CN=POLICIES,CN=SYSTEM,DC=SGM-FX,DC=COM", "domainsid": "S-1-5-21-1997373674-3732296793-244282209", "highvalue": false, "gpcpath": "\\\\SGM-FX.COM\\SYSVOL\\SGM-FX.COM\\POLICIES\\{1CF0FF0C-383D-43E2-8FE8-BB7E6F2310B9}", "description": "", "whencreated": 1129559770}, "IsDeleted": false, "IsACLProtected": true, "Aces": [{"RightName": "Owns", "IsInherited": false, "PrincipalSID": "S-1-5-21-1997373674-3732296793-244282209-512", "PrincipalType": "Group"}, {"RightName": "GenericWrite", "IsInherited": false, "PrincipalSID": "S-1-5-21-1997373674-3732296793-244282209-512", "PrincipalType": "Group"}, {"RightName": "WriteOwner", "IsInherited": false, "PrincipalSID": "S-1-5-21-1997373674-3732296793-244282209-512", "PrincipalType": "Group"}, {"RightName": "WriteDacl", "IsInherited": false, "PrincipalSID": "S-1-5-21-1997373674-3732296793-244282209-512", "PrincipalType": "Group"}, {"RightName": "GenericWrite", "IsInherited": false, "PrincipalSID": "S-1-5-21-1997373674-3732296793-244282209-512", "PrincipalType": "Group"}, {"RightName": "WriteOwner", "IsInherited": false, "PrincipalSID": "S-1-5-21-1997373674-3732296793-244282209-512", "PrincipalType": "Group"}, {"RightName": "WriteDacl", "IsInherited": false, "PrincipalSID": "S-1-5-21-1997373674-3732296793-244282209-512", "PrincipalType": "Group"}, {"RightName": "GenericWrite", "IsInherited": false, "PrincipalSID": "S-1-5-21-1997373674-3732296793-244282209-519", "PrincipalType": "Group"}, {"RightName": "WriteOwner", "IsInherited": false, "PrincipalSID": "S-1-5-21-1997373674-3732296793-244282209-519", "PrincipalType": "Group"}, {"RightName": "WriteDacl", "IsInherited": false, "PrincipalSID": "S-1-5-21-1997373674-3732296793-244282209-519", "PrincipalType": "Group"}]},{"ObjectIdentifier": "0BA7A6B2-3ED8-4916-A41B-A81F26103842", "Properties": {"domain": "SGM-FX.COM", "name": "SMALL BUSINESS SERVER CLIENT COMPUTER@SGM-FX.COM", "distinguishedname": "CN={A45438F5-4255-4290-BC64-E162B1A45AD9},CN=POLICIES,CN=SYSTEM,DC=SGM-FX,DC=COM", "domainsid": "S-1-5-21-1997373674-3732296793-244282209", "highvalue": false, "gpcpath": "\\\\SGM-FX.COM\\SYSVOL\\SGM-FX.COM\\POLICIES\\{A45438F5-4255-4290-BC64-E162B1A45AD9}", "description": "", "whencreated": 1069685268}, "IsDeleted": false, "IsACLProtected": true, "Aces": [{"RightName": "Owns", "IsInherited": false, "PrincipalSID": "S-1-5-21-1997373674-3732296793-244282209-512", "PrincipalType": "Group"}, {"RightName": "GenericWrite", "IsInherited": false, "PrincipalSID": "S-1-5-21-1997373674-3732296793-244282209-512", "PrincipalType": "Group"}, {"RightName": "WriteOwner", "IsInherited": false, "PrincipalSID": "S-1-5-21-1997373674-3732296793-244282209-512", "PrincipalType": "Group"}, {"RightName": "WriteDacl", "IsInherited": false, "PrincipalSID": "S-1-5-21-1997373674-3732296793-244282209-512", "PrincipalType": "Group"}, {"RightName": "GenericWrite", "IsInherited": false, "PrincipalSID": "S-1-5-21-1997373674-3732296793-244282209-512", "PrincipalType": "Group"}, {"RightName": "WriteOwner", "IsInherited": false, "PrincipalSID": "S-1-5-21-1997373674-3732296793-244282209-512", "PrincipalType": "Group"}, {"RightName": "WriteDacl", "IsInherited": false, "PrincipalSID": "S-1-5-21-1997373674-3732296793-244282209-512", "PrincipalType": "Group"}, {"RightName": "GenericWrite", "IsInherited": false, "PrincipalSID": "S-1-5-21-1997373674-3732296793-244282209-519", "PrincipalType": "Group"}, {"RightName": "WriteOwner", "IsInherited": false, "PrincipalSID": "S-1-5-21-1997373674-3732296793-244282209-519", "PrincipalType": "Group"}, {"RightName": "WriteDacl", "IsInherited": false, "PrincipalSID": "S-1-5-21-1997373674-3732296793-244282209-519", "PrincipalType": "Group"}]},{"ObjectIdentifier": "1816199A-8DF5-46BA-A9A5-CDB38D947314", "Properties": {"domain": "SGM-FX.COM", "name": "SMALL BUSINESS SERVER REMOTE ASSISTANCE POLICY@SGM-FX.COM", "distinguishedname": "CN={E556F57D-2792-49B1-AB07-A90657C900DA},CN=POLICIES,CN=SYSTEM,DC=SGM-FX,DC=COM", "domainsid": "S-1-5-21-1997373674-3732296793-244282209", "highvalue": false, "gpcpath": "\\\\SGM-FX.COM\\SYSVOL\\SGM-FX.COM\\POLICIES\\{E556F57D-2792-49B1-AB07-A90657C900DA}", "description": "", "whencreated": 1069683567}, "IsDeleted": false, "IsACLProtected": true, "Aces": [{"RightName": "Owns", "IsInherited": false, "PrincipalSID": "S-1-5-21-1997373674-3732296793-244282209-512", "PrincipalType": "Group"}, {"RightName": "GenericWrite", "IsInherited": false, "PrincipalSID": "S-1-5-21-1997373674-3732296793-244282209-512", "PrincipalType": "Group"}, {"RightName": "WriteOwner", "IsInherited": false, "PrincipalSID": "S-1-5-21-1997373674-3732296793-244282209-512", "PrincipalType": "Group"}, {"RightName": "WriteDacl", "IsInherited": false, "PrincipalSID": "S-1-5-21-1997373674-3732296793-244282209-512", "PrincipalType": "Group"}, {"RightName": "GenericWrite", "IsInherited": false, "PrincipalSID": "S-1-5-21-1997373674-3732296793-244282209-512", "PrincipalType": "Group"}, {"RightName": "WriteOwner", "IsInherited": false, "PrincipalSID": "S-1-5-21-1997373674-3732296793-244282209-512", "PrincipalType": "Group"}, {"RightName": "WriteDacl", "IsInherited": false, "PrincipalSID": "S-1-5-21-1997373674-3732296793-244282209-512", "PrincipalType": "Group"}, {"RightName": "GenericWrite", "IsInherited": false, "PrincipalSID": "S-1-5-21-1997373674-3732296793-244282209-519", "PrincipalType": "Group"}, {"RightName": "WriteOwner", "IsInherited": false, "PrincipalSID": "S-1-5-21-1997373674-3732296793-244282209-519", "PrincipalType": "Group"}, {"RightName": "WriteDacl", "IsInherited": false, "PrincipalSID": "S-1-5-21-1997373674-3732296793-244282209-519", "PrincipalType": "Group"}]},{"ObjectIdentifier": "354AE992-6F65-4870-8851-EC1A9AE1570C", "Properties": {"domain": "SGM-FX.COM", "name": "SMALL BUSINESS SERVER FOLDER REDIRECTION@SGM-FX.COM", "distinguishedname": "CN={3FAA7E03-63F5-46CB-9305-BD57700CDD8A},CN=POLICIES,CN=SYSTEM,DC=SGM-FX,DC=COM", "domainsid": "S-1-5-21-1997373674-3732296793-244282209", "highvalue": false, "gpcpath": "\\\\SGM-FX.COM\\SYSVOL\\SGM-FX.COM\\POLICIES\\{3FAA7E03-63F5-46CB-9305-BD57700CDD8A}", "description": "", "whencreated": 1069686820}, "IsDeleted": false, "IsACLProtected": true, "Aces": [{"RightName": "Owns", "IsInherited": false, "PrincipalSID": "S-1-5-21-1997373674-3732296793-244282209-512", "PrincipalType": "Group"}, {"RightName": "GenericWrite", "IsInherited": false, "PrincipalSID": "S-1-5-21-1997373674-3732296793-244282209-512", "PrincipalType": "Group"}, {"RightName": "WriteOwner", "IsInherited": false, "PrincipalSID": "S-1-5-21-1997373674-3732296793-244282209-512", "PrincipalType": "Group"}, {"RightName": "WriteDacl", "IsInherited": false, "PrincipalSID": "S-1-5-21-1997373674-3732296793-244282209-512", "PrincipalType": "Group"}, {"RightName": "GenericWrite", "IsInherited": false, "PrincipalSID": "S-1-5-21-1997373674-3732296793-244282209-512", "PrincipalType": "Group"}, {"RightName": "WriteOwner", "IsInherited": false, "PrincipalSID": "S-1-5-21-1997373674-3732296793-244282209-512", "PrincipalType": "Group"}, {"RightName": "WriteDacl", "IsInherited": false, "PrincipalSID": "S-1-5-21-1997373674-3732296793-244282209-512", "PrincipalType": "Group"}, {"RightName": "GenericWrite", "IsInherited": false, "PrincipalSID": "S-1-5-21-1997373674-3732296793-244282209-519", "PrincipalType": "Group"}, {"RightName": "WriteOwner", "IsInherited": false, "PrincipalSID": "S-1-5-21-1997373674-3732296793-244282209-519", "PrincipalType": "Group"}, {"RightName": "WriteDacl", "IsInherited": false, "PrincipalSID": "S-1-5-21-1997373674-3732296793-244282209-519", "PrincipalType": "Group"}]},{"ObjectIdentifier": "675A010E-16C9-47DE-850A-8B610C41F276", "Properties": {"domain": "SGM-FX.COM", "name": "SMALL BUSINESS SERVER AUDITING POLICY@SGM-FX.COM", "distinguishedname": "CN={16931AC2-FD0A-4070-BED8-EA668F6A5B5B},CN=POLICIES,CN=SYSTEM,DC=SGM-FX,DC=COM", "domainsid": "S-1-5-21-1997373674-3732296793-244282209", "highvalue": false, "gpcpath": "\\\\SGM-FX.COM\\SYSVOL\\SGM-FX.COM\\POLICIES\\{16931AC2-FD0A-4070-BED8-EA668F6A5B5B}", "description": "", "whencreated": 1069683566}, "IsDeleted": false, "IsACLProtected": true, "Aces": [{"RightName": "Owns", "IsInherited": false, "PrincipalSID": "S-1-5-21-1997373674-3732296793-244282209-512", "PrincipalType": "Group"}, {"RightName": "GenericWrite", "IsInherited": false, "PrincipalSID": "S-1-5-21-1997373674-3732296793-244282209-512", "PrincipalType": "Group"}, {"RightName": "WriteOwner", "IsInherited": false, "PrincipalSID": "S-1-5-21-1997373674-3732296793-244282209-512", "PrincipalType": "Group"}, {"RightName": "WriteDacl", "IsInherited": false, "PrincipalSID": "S-1-5-21-1997373674-3732296793-244282209-512", "PrincipalType": "Group"}, {"RightName": "GenericWrite", "IsInherited": false, "PrincipalSID": "S-1-5-21-1997373674-3732296793-244282209-512", "PrincipalType": "Group"}, {"RightName": "WriteOwner", "IsInherited": false, "PrincipalSID": "S-1-5-21-1997373674-3732296793-244282209-512", "PrincipalType": "Group"}, {"RightName": "WriteDacl", "IsInherited": false, "PrincipalSID": "S-1-5-21-1997373674-3732296793-244282209-512", "PrincipalType": "Group"}, {"RightName": "GenericWrite", "IsInherited": false, "PrincipalSID": "S-1-5-21-1997373674-3732296793-244282209-519", "PrincipalType": "Group"}, {"RightName": "WriteOwner", "IsInherited": false, "PrincipalSID": "S-1-5-21-1997373674-3732296793-244282209-519", "PrincipalType": "Group"}, {"RightName": "WriteDacl", "IsInherited": false, "PrincipalSID": "S-1-5-21-1997373674-3732296793-244282209-519", "PrincipalType": "Group"}]},{"ObjectIdentifier": "00EBA344-DB45-4BDF-BE24-D5007E6A6CD9", "Properties": {"domain": "SGM-FX.COM", "name": "SMALL BUSINESS SERVER DOMAIN PASSWORD POLICY@SGM-FX.COM", "distinguishedname": "CN={899A94B4-0EDB-41AE-9302-F487C534B2F6},CN=POLICIES,CN=SYSTEM,DC=SGM-FX,DC=COM", "domainsid": "S-1-5-21-1997373674-3732296793-244282209", "highvalue": false, "gpcpath": "\\\\SGM-FX.COM\\SYSVOL\\SGM-FX.COM\\POLICIES\\{899A94B4-0EDB-41AE-9302-F487C534B2F6}", "description": "", "whencreated": 1069683565}, "IsDeleted": false, "IsACLProtected": true, "Aces": [{"RightName": "Owns", "IsInherited": false, "PrincipalSID": "S-1-5-21-1997373674-3732296793-244282209-512", "PrincipalType": "Group"}, {"RightName": "GenericWrite", "IsInherited": false, "PrincipalSID": "S-1-5-21-1997373674-3732296793-244282209-512", "PrincipalType": "Group"}, {"RightName": "WriteOwner", "IsInherited": false, "PrincipalSID": "S-1-5-21-1997373674-3732296793-244282209-512", "PrincipalType": "Group"}, {"RightName": "WriteDacl", "IsInherited": false, "PrincipalSID": "S-1-5-21-1997373674-3732296793-244282209-512", "PrincipalType": "Group"}, {"RightName": "GenericWrite", "IsInherited": false, "PrincipalSID": "S-1-5-21-1997373674-3732296793-244282209-512", "PrincipalType": "Group"}, {"RightName": "WriteOwner", "IsInherited": false, "PrincipalSID": "S-1-5-21-1997373674-3732296793-244282209-512", "PrincipalType": "Group"}, {"RightName": "WriteDacl", "IsInherited": false, "PrincipalSID": "S-1-5-21-1997373674-3732296793-244282209-512", "PrincipalType": "Group"}, {"RightName": "GenericWrite", "IsInherited": false, "PrincipalSID": "S-1-5-21-1997373674-3732296793-244282209-519", "PrincipalType": "Group"}, {"RightName": "WriteOwner", "IsInherited": false, "PrincipalSID": "S-1-5-21-1997373674-3732296793-244282209-519", "PrincipalType": "Group"}, {"RightName": "WriteDacl", "IsInherited": false, "PrincipalSID": "S-1-5-21-1997373674-3732296793-244282209-519", "PrincipalType": "Group"}]},{"ObjectIdentifier": "5EDFA0C2-8CB0-4A5E-8C0E-081BE934158C", "Properties": {"domain": "SGM-FX.COM", "name": "SMALL BUSINESS SERVER LOCKOUT POLICY@SGM-FX.COM", "distinguishedname": "CN={8EEADB72-2DA6-494A-9053-E593375ED0C6},CN=POLICIES,CN=SYSTEM,DC=SGM-FX,DC=COM", "domainsid": "S-1-5-21-1997373674-3732296793-244282209", "highvalue": false, "gpcpath": "\\\\SGM-FX.COM\\SYSVOL\\SGM-FX.COM\\POLICIES\\{8EEADB72-2DA6-494A-9053-E593375ED0C6}", "description": "", "whencreated": 1069683565}, "IsDeleted": false, "IsACLProtected": true, "Aces": [{"RightName": "Owns", "IsInherited": false, "PrincipalSID": "S-1-5-21-1997373674-3732296793-244282209-512", "PrincipalType": "Group"}, {"RightName": "GenericWrite", "IsInherited": false, "PrincipalSID": "S-1-5-21-1997373674-3732296793-244282209-512", "PrincipalType": "Group"}, {"RightName": "WriteOwner", "IsInherited": false, "PrincipalSID": "S-1-5-21-1997373674-3732296793-244282209-512", "PrincipalType": "Group"}, {"RightName": "WriteDacl", "IsInherited": false, "PrincipalSID": "S-1-5-21-1997373674-3732296793-244282209-512", "PrincipalType": "Group"}, {"RightName": "GenericWrite", "IsInherited": false, "PrincipalSID": "S-1-5-21-1997373674-3732296793-244282209-512", "PrincipalType": "Group"}, {"RightName": "WriteOwner", "IsInherited": false, "PrincipalSID": "S-1-5-21-1997373674-3732296793-244282209-512", "PrincipalType": "Group"}, {"RightName": "WriteDacl", "IsInherited": false, "PrincipalSID": "S-1-5-21-1997373674-3732296793-244282209-512", "PrincipalType": "Group"}, {"RightName": "GenericWrite", "IsInherited": false, "PrincipalSID": "S-1-5-21-1997373674-3732296793-244282209-519", "PrincipalType": "Group"}, {"RightName": "WriteOwner", "IsInherited": false, "PrincipalSID": "S-1-5-21-1997373674-3732296793-244282209-519", "PrincipalType": "Group"}, {"RightName": "WriteDacl", "IsInherited": false, "PrincipalSID": "S-1-5-21-1997373674-3732296793-244282209-519", "PrincipalType": "Group"}]},{"ObjectIdentifier": "9AB5FCD8-14E5-484D-B17A-D242375F5436", "Properties": {"domain": "SGM-FX.COM", "name": "DEFAULT DOMAIN CONTROLLERS POLICY@SGM-FX.COM", "distinguishedname": "CN={6AC1786C-016F-11D2-945F-00C04FB984F9},CN=POLICIES,CN=SYSTEM,DC=SGM-FX,DC=COM", "domainsid": "S-1-5-21-1997373674-3732296793-244282209", "highvalue": false, "gpcpath": "\\\\SGM-FX.COM\\SYSVOL\\SGM-FX.COM\\POLICIES\\{6AC1786C-016F-11D2-945F-00C04FB984F9}", "description": "", "whencreated": 1069680783}, "IsDeleted": false, "IsACLProtected": true, "Aces": [{"RightName": "Owns", "IsInherited": false, "PrincipalSID": "S-1-5-21-1997373674-3732296793-244282209-512", "PrincipalType": "Group"}, {"RightName": "GenericWrite", "IsInherited": false, "PrincipalSID": "S-1-5-21-1997373674-3732296793-244282209-512", "PrincipalType": "Group"}, {"RightName": "WriteOwner", "IsInherited": false, "PrincipalSID": "S-1-5-21-1997373674-3732296793-244282209-512", "PrincipalType": "Group"}, {"RightName": "WriteDacl", "IsInherited": false, "PrincipalSID": "S-1-5-21-1997373674-3732296793-244282209-512", "PrincipalType": "Group"}, {"RightName": "GenericWrite", "IsInherited": false, "PrincipalSID": "S-1-5-21-1997373674-3732296793-244282209-519", "PrincipalType": "Group"}, {"RightName": "WriteOwner", "IsInherited": false, "PrincipalSID": "S-1-5-21-1997373674-3732296793-244282209-519", "PrincipalType": "Group"}, {"RightName": "WriteDacl", "IsInherited": false, "PrincipalSID": "S-1-5-21-1997373674-3732296793-244282209-519", "PrincipalType": "Group"}, {"RightName": "GenericWrite", "IsInherited": false, "PrincipalSID": "S-1-5-21-1997373674-3732296793-244282209-512", "PrincipalType": "Group"}, {"RightName": "WriteOwner", "IsInherited": false, "PrincipalSID": "S-1-5-21-1997373674-3732296793-244282209-512", "PrincipalType": "Group"}, {"RightName": "WriteDacl", "IsInherited": false, "PrincipalSID": "S-1-5-21-1997373674-3732296793-244282209-512", "PrincipalType": "Group"}]},{"ObjectIdentifier": "BFE36D8C-399B-4D1F-A405-692F5A86E5FA", "Properties": {"domain": "SGM-FX.COM", "name": "DEFAULT DOMAIN POLICY@SGM-FX.COM", "distinguishedname": "CN={31B2F340-016D-11D2-945F-00C04FB984F9},CN=POLICIES,CN=SYSTEM,DC=SGM-FX,DC=COM", "domainsid": "S-1-5-21-1997373674-3732296793-244282209", "highvalue": false, "gpcpath": "\\\\SGM-FX.COM\\SYSVOL\\SGM-FX.COM\\POLICIES\\{31B2F340-016D-11D2-945F-00C04FB984F9}", "description": "", "whencreated": 1069680783}, "IsDeleted": false, "IsACLProtected": true, "Aces": [{"RightName": "Owns", "IsInherited": false, "PrincipalSID": "S-1-5-21-1997373674-3732296793-244282209-512", "PrincipalType": "Group"}, {"RightName": "GenericWrite", "IsInherited": false, "PrincipalSID": "S-1-5-21-1997373674-3732296793-244282209-512", "PrincipalType": "Group"}, {"RightName": "WriteOwner", "IsInherited": false, "PrincipalSID": "S-1-5-21-1997373674-3732296793-244282209-512", "PrincipalType": "Group"}, {"RightName": "WriteDacl", "IsInherited": false, "PrincipalSID": "S-1-5-21-1997373674-3732296793-244282209-512", "PrincipalType": "Group"}, {"RightName": "GenericWrite", "IsInherited": false, "PrincipalSID": "S-1-5-21-1997373674-3732296793-244282209-519", "PrincipalType": "Group"}, {"RightName": "WriteOwner", "IsInherited": false, "PrincipalSID": "S-1-5-21-1997373674-3732296793-244282209-519", "PrincipalType": "Group"}, {"RightName": "WriteDacl", "IsInherited": false, "PrincipalSID": "S-1-5-21-1997373674-3732296793-244282209-519", "PrincipalType": "Group"}, {"RightName": "GenericWrite", "IsInherited": false, "PrincipalSID": "S-1-5-21-1997373674-3732296793-244282209-512", "PrincipalType": "Group"}, {"RightName": "WriteOwner", "IsInherited": false, "PrincipalSID": "S-1-5-21-1997373674-3732296793-244282209-512", "PrincipalType": "Group"}, {"RightName": "WriteDacl", "IsInherited": false, "PrincipalSID": "S-1-5-21-1997373674-3732296793-244282209-512", "PrincipalType": "Group"}]}],"meta":{"methods":0,"type":"gpos","count":21, "version":5}}